Playlist,Categoria,Rotulo,Posicao,Musica,Artista,Duracao,Link_Spotify
Beast Mode Ignition,Dia,Dia 01,1,Till I Collapse,Eminem ft. Nate Dogg,4:57,
Beast Mode Ignition,Dia,Dia 01,2,Stronger,Kanye West,5:11,
Beast Mode Ignition,Dia,Dia 01,3,Power,Kanye West,4:52,
Beast Mode Ignition,Dia,Dia 01,4,Thunderstruck,AC/DC,4:52,
Beast Mode Ignition,Dia,Dia 01,5,Lose Yourself,Eminem,5:26,
Beast Mode Ignition,Dia,Dia 01,6,Can't Hold Us,Macklemore & Ryan Lewis,4:18,
Beast Mode Ignition,Dia,Dia 01,7,Killing In The Name,Rage Against the Machine,5:13,
Beast Mode Ignition,Dia,Dia 01,8,Remember the Name,Fort Minor,3:28,
Beast Mode Ignition,Dia,Dia 01,9,Warrior,Disturbed,4:09,
Beast Mode Ignition,Dia,Dia 01,10,Eye of the Tiger,Survivor,4:05,
Cardio Fire Run,Dia,Dia 02,1,Blinding Lights,The Weeknd,3:20,
Cardio Fire Run,Dia,Dia 02,2,Physical,Dua Lipa,3:13,
Cardio Fire Run,Dia,Dia 02,3,Don't Stop Me Now,Queen,3:29,
Cardio Fire Run,Dia,Dia 02,4,Levels,Avicii,3:18,
Cardio Fire Run,Dia,Dia 02,5,Run the World (Girls),Beyoncé,3:57,
Cardio Fire Run,Dia,Dia 02,6,Started From the Bottom,Drake,3:12,
Cardio Fire Run,Dia,Dia 02,7,Titanium,David Guetta ft. Sia,4:05,
Cardio Fire Run,Dia,Dia 02,8,On Top of the World,Imagine Dragons,3:11,
Cardio Fire Run,Dia,Dia 02,9,Wake Me Up,Avicii,4:09,
Cardio Fire Run,Dia,Dia 02,10,Run Boy Run,Woodkid,3:10,
Game Day Hype,Dia,Dia 03,1,All I Do Is Win,DJ Khaled ft. T-Pain,3:20,
Game Day Hype,Dia,Dia 03,2,We Will Rock You,Queen,2:02,
Game Day Hype,Dia,Dia 03,3,Jump Around,House of Pain,3:38,
Game Day Hype,Dia,Dia 03,4,Champions,"Kanye West, Gucci Mane",4:05,
Game Day Hype,Dia,Dia 03,5,Ante Up,M.O.P.,3:28,
Game Day Hype,Dia,Dia 03,6,Roar,Katy Perry,3:43,
Game Day Hype,Dia,Dia 03,7,Hall of Fame,The Script ft. will.i.am,3:21,
Game Day Hype,Dia,Dia 03,8,Whatever It Takes,Imagine Dragons,3:21,
Game Day Hype,Dia,Dia 03,9,Kickstart My Heart,Mötley Crüe,4:41,
Game Day Hype,Dia,Dia 03,10,Started,Iggy Azalea,3:52,
Active Recovery Flow,Dia,Dia 04,1,Holocene,Bon Iver,5:37,
Active Recovery Flow,Dia,Dia 04,2,Intro,The xx,2:07,
Active Recovery Flow,Dia,Dia 04,3,Float,Gramatik,5:15,
Active Recovery Flow,Dia,Dia 04,4,Breathe (2 AM),Anna Nalick,4:04,
Active Recovery Flow,Dia,Dia 04,5,Slow Burn,Kacey Musgraves,4:12,
Active Recovery Flow,Dia,Dia 04,6,Gymnopédie No.1,Erik Satie,3:03,
Active Recovery Flow,Dia,Dia 04,7,Re: Stacks,Bon Iver,4:48,
Active Recovery Flow,Dia,Dia 04,8,Such Great Heights,Iron & Wine,3:58,
Active Recovery Flow,Dia,Dia 04,9,Lua,Bright Eyes,4:25,
Active Recovery Flow,Dia,Dia 04,10,Motion Picture Soundtrack,Radiohead,7:03,
Domination Mid-Week,Dia,Dia 05,1,HUMBLE.,Kendrick Lamar,2:57,
Domination Mid-Week,Dia,Dia 05,2,DNA.,Kendrick Lamar,3:05,
Domination Mid-Week,Dia,Dia 05,3,Sicko Mode,Travis Scott,5:12,
Domination Mid-Week,Dia,Dia 05,4,God's Plan,Drake,3:18,
Domination Mid-Week,Dia,Dia 05,5,INDUSTRY BABY,Lil Nas X ft. Jack Harlow,3:32,
Domination Mid-Week,Dia,Dia 05,6,Savage,Megan Thee Stallion,2:24,
Domination Mid-Week,Dia,Dia 05,7,No Role Modelz,J. Cole,4:54,
Domination Mid-Week,Dia,Dia 05,8,Mask Off,Future,3:31,
Domination Mid-Week,Dia,Dia 05,9,XO Tour Llif3,Lil Uzi Vert,2:59,
Domination Mid-Week,Dia,Dia 05,10,Mnike,Tyler ICU ft. Tumelo.za,6:44,
Weekend Warrior,Dia,Dia 06,1,Seven Nation Army,The White Stripes,3:51,
Weekend Warrior,Dia,Dia 06,2,Welcome to the Jungle,Guns N' Roses,4:33,
Weekend Warrior,Dia,Dia 06,3,Uprising,Muse,5:02,
Weekend Warrior,Dia,Dia 06,4,Run,Foo Fighters,4:33,
Weekend Warrior,Dia,Dia 06,5,Fuel,Metallica,4:28,
Weekend Warrior,Dia,Dia 06,6,Radioactive,Imagine Dragons,3:06,
Weekend Warrior,Dia,Dia 06,7,Knights of Cydonia,Muse,6:07,
Weekend Warrior,Dia,Dia 06,8,Enter Sandman,Metallica,5:31,
Weekend Warrior,Dia,Dia 06,9,Back in Black,AC/DC,4:15,
Weekend Warrior,Dia,Dia 06,10,In One Ear,Cage the Elephant,2:41,
Sunday Grind Mentality,Dia,Dia 07,1,Alright,Kendrick Lamar,3:39,
Sunday Grind Mentality,Dia,Dia 07,2,"Work Hard, Play Hard",Wiz Khalifa,3:05,
Sunday Grind Mentality,Dia,Dia 07,3,Pursuit of Happiness,Kid Cudi,4:47,
Sunday Grind Mentality,Dia,Dia 07,4,Ultralight Beam,Kanye West,5:03,
Sunday Grind Mentality,Dia,Dia 07,5,Legacy,Jay-Z,3:14,
Sunday Grind Mentality,Dia,Dia 07,6,Blessings,Big Sean ft. Drake,5:15,
Sunday Grind Mentality,Dia,Dia 07,7,Glory,Jay-Z ft. Blue Ivy,3:58,
Sunday Grind Mentality,Dia,Dia 07,8,N95,Kendrick Lamar,3:14,
Sunday Grind Mentality,Dia,Dia 07,9,The Heart Part 5,Kendrick Lamar,5:24,
Sunday Grind Mentality,Dia,Dia 07,10,Sing About Me,Kendrick Lamar,11:59,
Champion's Blueprint,Dia,Dia 08,1,Gonna Fly Now,Bill Conti,2:50,
Champion's Blueprint,Dia,Dia 08,2,Greatest,Sia,3:36,
Champion's Blueprint,Dia,Dia 08,3,Unstoppable,Sia,3:42,
Champion's Blueprint,Dia,Dia 08,4,Victory,Diddy ft. Notorious B.I.G.,6:17,
Champion's Blueprint,Dia,Dia 08,5,Fight Song,Rachel Platten,3:24,
Champion's Blueprint,Dia,Dia 08,6,Now We Are Free,Hans Zimmer,4:48,
Champion's Blueprint,Dia,Dia 08,7,Man of Steel Suite,Hans Zimmer,6:52,
Champion's Blueprint,Dia,Dia 08,8,This Is Me,Keala Settle,3:51,
Champion's Blueprint,Dia,Dia 08,9,Warriors,Imagine Dragons,2:41,
Champion's Blueprint,Dia,Dia 08,10,Believer,Imagine Dragons,3:24,
Final Push — No Days Off,Dia,Dia 09,1,Not Afraid,Eminem,4:10,
Final Push — No Days Off,Dia,Dia 09,2,Thunderclouds,"LSD ft. Sia, Diplo",3:15,
Final Push — No Days Off,Dia,Dia 09,3,Rise,Katy Perry,3:38,
Final Push — No Days Off,Dia,Dia 09,4,In The End,Linkin Park,3:36,
Final Push — No Days Off,Dia,Dia 09,5,Numb,Linkin Park,3:07,
Final Push — No Days Off,Dia,Dia 09,6,Breaking the Habit,Linkin Park,3:16,
Final Push — No Days Off,Dia,Dia 09,7,Castle of Glass,Linkin Park,3:53,
Final Push — No Days Off,Dia,Dia 09,8,Invincible,Hedley,3:48,
Final Push — No Days Off,Dia,Dia 09,9,Warriors,Imagine Dragons,2:41,
Final Push — No Days Off,Dia,Dia 09,10,Believer,Imagine Dragons,3:24,
T.DAY Ultimate Collection,Dia,Dia 10,1,Till I Collapse,Eminem,4:57,
T.DAY Ultimate Collection,Dia,Dia 10,2,Stronger,Kanye West,5:11,
T.DAY Ultimate Collection,Dia,Dia 10,3,Blinding Lights,The Weeknd,3:20,
T.DAY Ultimate Collection,Dia,Dia 10,4,All I Do Is Win,DJ Khaled,3:20,
T.DAY Ultimate Collection,Dia,Dia 10,5,HUMBLE.,Kendrick Lamar,2:57,
T.DAY Ultimate Collection,Dia,Dia 10,6,Seven Nation Army,The White Stripes,3:51,
T.DAY Ultimate Collection,Dia,Dia 10,7,Alright,Kendrick Lamar,3:39,
T.DAY Ultimate Collection,Dia,Dia 10,8,Greatest,Sia,3:36,
T.DAY Ultimate Collection,Dia,Dia 10,9,Warriors,Imagine Dragons,2:41,
T.DAY Ultimate Collection,Dia,Dia 10,10,Eye of the Tiger,Survivor,4:05,
Clássicos de Hoje — Rock & Pop,Coletânea,Hoje,1,Hey Jude,The Beatles,7:11,https://open.spotify.com/playlist/2bjCqc0G25asmABefcpT3H
Clássicos de Hoje — Rock & Pop,Coletânea,Hoje,2,Let It Be,The Beatles,4:03,https://open.spotify.com/playlist/2bjCqc0G25asmABefcpT3H
Clássicos de Hoje — Rock & Pop,Coletânea,Hoje,3,Come Together,The Beatles,4:20,https://open.spotify.com/playlist/2bjCqc0G25asmABefcpT3H
Clássicos de Hoje — Rock & Pop,Coletânea,Hoje,4,Wonderwall,Oasis,4:18,https://open.spotify.com/playlist/2bjCqc0G25asmABefcpT3H
Clássicos de Hoje — Rock & Pop,Coletânea,Hoje,5,Don't Look Back in Anger,Oasis,4:48,https://open.spotify.com/playlist/2bjCqc0G25asmABefcpT3H
Clássicos de Hoje — Rock & Pop,Coletânea,Hoje,6,Champagne Supernova,Oasis,7:27,https://open.spotify.com/playlist/2bjCqc0G25asmABefcpT3H
Clássicos de Hoje — Rock & Pop,Coletânea,Hoje,7,Garota Nacional,Skank,4:31,https://open.spotify.com/playlist/2bjCqc0G25asmABefcpT3H
Clássicos de Hoje — Rock & Pop,Coletânea,Hoje,8,Vou Deixar,Skank,3:56,https://open.spotify.com/playlist/2bjCqc0G25asmABefcpT3H
Clássicos de Hoje — Rock & Pop,Coletânea,Hoje,9,É Uma Partida de Futebol,Skank,3:38,https://open.spotify.com/playlist/2bjCqc0G25asmABefcpT3H
Clássicos de Hoje — Rock & Pop,Coletânea,Hoje,10,Whisky a Go Go,Roupa Nova,4:05,https://open.spotify.com/playlist/2bjCqc0G25asmABefcpT3H
Clássicos de Hoje — Rock & Pop,Coletânea,Hoje,11,Dona,Roupa Nova,4:22,https://open.spotify.com/playlist/2bjCqc0G25asmABefcpT3H
Clássicos de Hoje — Rock & Pop,Coletânea,Hoje,12,A Viagem,Roupa Nova,4:10,https://open.spotify.com/playlist/2bjCqc0G25asmABefcpT3H
Clássicos de Hoje — Rock & Pop,Coletânea,Hoje,13,Tempo Perdido,Legião Urbana,5:08,https://open.spotify.com/playlist/2bjCqc0G25asmABefcpT3H
Clássicos de Hoje — Rock & Pop,Coletânea,Hoje,14,Meu Erro,Os Paralamas do Sucesso,3:28,https://open.spotify.com/playlist/2bjCqc0G25asmABefcpT3H
Clássicos de Hoje — Rock & Pop,Coletânea,Hoje,15,Só Hoje,Jota Quest,4:15,https://open.spotify.com/playlist/2bjCqc0G25asmABefcpT3H
Clássicos de Hoje — Rock & Pop,Coletânea,Hoje,16,Epitáfio,Titãs,4:16,https://open.spotify.com/playlist/2bjCqc0G25asmABefcpT3H
Clássicos de Hoje — Rock & Pop,Coletânea,Hoje,17,Yellow,Coldplay,4:29,https://open.spotify.com/playlist/2bjCqc0G25asmABefcpT3H
Clássicos de Hoje — Rock & Pop,Coletânea,Hoje,18,With or Without You,U2,4:56,https://open.spotify.com/playlist/2bjCqc0G25asmABefcpT3H
Clássicos de Hoje — Rock & Pop,Coletânea,Hoje,19,Bohemian Rhapsody,Queen,5:55,https://open.spotify.com/playlist/2bjCqc0G25asmABefcpT3H
Clássicos de Hoje — Rock & Pop,Coletânea,Hoje,20,Angie,The Rolling Stones,4:33,https://open.spotify.com/playlist/2bjCqc0G25asmABefcpT3H
TB 100,Coletânea,Coletânea,1,Bohemian Rhapsody,Queen,5:55,https://open.spotify.com/playlist/4T1QICvy4hruugOnMyTspC
TB 100,Coletânea,Coletânea,2,Hey Jude,The Beatles,7:11,https://open.spotify.com/playlist/4T1QICvy4hruugOnMyTspC
TB 100,Coletânea,Coletânea,3,Billie Jean,Michael Jackson,4:54,https://open.spotify.com/playlist/4T1QICvy4hruugOnMyTspC
TB 100,Coletânea,Coletânea,4,Stairway to Heaven,Led Zeppelin,8:02,https://open.spotify.com/playlist/4T1QICvy4hruugOnMyTspC
TB 100,Coletânea,Coletânea,5,Smells Like Teen Spirit,Nirvana,5:01,https://open.spotify.com/playlist/4T1QICvy4hruugOnMyTspC
TB 100,Coletânea,Coletânea,6,(I Can't Get No) Satisfaction,The Rolling Stones,3:44,https://open.spotify.com/playlist/4T1QICvy4hruugOnMyTspC
TB 100,Coletânea,Coletânea,7,Like a Rolling Stone,Bob Dylan,6:13,https://open.spotify.com/playlist/4T1QICvy4hruugOnMyTspC
TB 100,Coletânea,Coletânea,8,Imagine,John Lennon,3:03,https://open.spotify.com/playlist/4T1QICvy4hruugOnMyTspC
TB 100,Coletânea,Coletânea,9,What's Going On,Marvin Gaye,3:53,https://open.spotify.com/playlist/4T1QICvy4hruugOnMyTspC
TB 100,Coletânea,Coletânea,10,Respect,Aretha Franklin,2:28,https://open.spotify.com/playlist/4T1QICvy4hruugOnMyTspC
TB 100,Coletânea,Coletânea,11,God Only Knows,The Beach Boys,2:51,https://open.spotify.com/playlist/4T1QICvy4hruugOnMyTspC
TB 100,Coletânea,Coletânea,12,Heroes,David Bowie,6:07,https://open.spotify.com/playlist/4T1QICvy4hruugOnMyTspC
TB 100,Coletânea,Coletânea,13,Purple Rain,Prince,8:41,https://open.spotify.com/playlist/4T1QICvy4hruugOnMyTspC
TB 100,Coletânea,Coletânea,14,I Will Always Love You,Whitney Houston,4:31,https://open.spotify.com/playlist/4T1QICvy4hruugOnMyTspC
TB 100,Coletânea,Coletânea,15,Hotel California,Eagles,6:30,https://open.spotify.com/playlist/4T1QICvy4hruugOnMyTspC
TB 100,Coletânea,Coletânea,16,Sweet Child o' Mine,Guns N' Roses,5:56,https://open.spotify.com/playlist/4T1QICvy4hruugOnMyTspC
TB 100,Coletânea,Coletânea,17,With or Without You,U2,4:56,https://open.spotify.com/playlist/4T1QICvy4hruugOnMyTspC
TB 100,Coletânea,Coletânea,18,Born to Run,Bruce Springsteen,4:31,https://open.spotify.com/playlist/4T1QICvy4hruugOnMyTspC
TB 100,Coletânea,Coletânea,19,Wish You Were Here,Pink Floyd,5:34,https://open.spotify.com/playlist/4T1QICvy4hruugOnMyTspC
TB 100,Coletânea,Coletânea,20,Baba O'Riley,The Who,5:00,https://open.spotify.com/playlist/4T1QICvy4hruugOnMyTspC
TB 100,Coletânea,Coletânea,21,Superstition,Stevie Wonder,4:26,https://open.spotify.com/playlist/4T1QICvy4hruugOnMyTspC
TB 100,Coletânea,Coletânea,22,Rocket Man,Elton John,4:41,https://open.spotify.com/playlist/4T1QICvy4hruugOnMyTspC
TB 100,Coletânea,Coletânea,23,Go Your Own Way,Fleetwood Mac,3:38,https://open.spotify.com/playlist/4T1QICvy4hruugOnMyTspC
TB 100,Coletânea,Coletânea,24,Back in Black,AC/DC,4:15,https://open.spotify.com/playlist/4T1QICvy4hruugOnMyTspC
TB 100,Coletânea,Coletânea,25,Enter Sandman,Metallica,5:31,https://open.spotify.com/playlist/4T1QICvy4hruugOnMyTspC
TB 100,Coletânea,Coletânea,26,Redemption Song,Bob Marley,3:48,https://open.spotify.com/playlist/4T1QICvy4hruugOnMyTspC
TB 100,Coletânea,Coletânea,27,Purple Haze,Jimi Hendrix,2:50,https://open.spotify.com/playlist/4T1QICvy4hruugOnMyTspC
TB 100,Coletânea,Coletânea,28,Light My Fire,The Doors,7:06,https://open.spotify.com/playlist/4T1QICvy4hruugOnMyTspC
TB 100,Coletânea,Coletânea,29,Georgia on My Mind,Ray Charles,3:38,https://open.spotify.com/playlist/4T1QICvy4hruugOnMyTspC
TB 100,Coletânea,Coletânea,30,A Change Is Gonna Come,Sam Cooke,3:11,https://open.spotify.com/playlist/4T1QICvy4hruugOnMyTspC
TB 100,Coletânea,Coletânea,31,(Sittin' On) The Dock of the Bay,Otis Redding,2:44,https://open.spotify.com/playlist/4T1QICvy4hruugOnMyTspC
TB 100,Coletânea,Coletânea,32,I Got You (I Feel Good),James Brown,2:47,https://open.spotify.com/playlist/4T1QICvy4hruugOnMyTspC
TB 100,Coletânea,Coletânea,33,Johnny B. Goode,Chuck Berry,2:41,https://open.spotify.com/playlist/4T1QICvy4hruugOnMyTspC
TB 100,Coletânea,Coletânea,34,Suspicious Minds,Elvis Presley,4:22,https://open.spotify.com/playlist/4T1QICvy4hruugOnMyTspC
TB 100,Coletânea,Coletânea,35,My Way,Frank Sinatra,4:35,https://open.spotify.com/playlist/4T1QICvy4hruugOnMyTspC
TB 100,Coletânea,Coletânea,36,Bridge Over Troubled Water,Simon & Garfunkel,4:52,https://open.spotify.com/playlist/4T1QICvy4hruugOnMyTspC
TB 100,Coletânea,Coletânea,37,Creep,Radiohead,3:58,https://open.spotify.com/playlist/4T1QICvy4hruugOnMyTspC
TB 100,Coletânea,Coletânea,38,Wonderwall,Oasis,4:18,https://open.spotify.com/playlist/4T1QICvy4hruugOnMyTspC
TB 100,Coletânea,Coletânea,39,Yellow,Coldplay,4:29,https://open.spotify.com/playlist/4T1QICvy4hruugOnMyTspC
TB 100,Coletânea,Coletânea,40,Under the Bridge,Red Hot Chili Peppers,4:24,https://open.spotify.com/playlist/4T1QICvy4hruugOnMyTspC
TB 100,Coletânea,Coletânea,41,Every Breath You Take,The Police,4:13,https://open.spotify.com/playlist/4T1QICvy4hruugOnMyTspC
TB 100,Coletânea,Coletânea,42,Livin' on a Prayer,Bon Jovi,4:09,https://open.spotify.com/playlist/4T1QICvy4hruugOnMyTspC
TB 100,Coletânea,Coletânea,43,Don't Stop Believin',Journey,4:11,https://open.spotify.com/playlist/4T1QICvy4hruugOnMyTspC
TB 100,Coletânea,Coletânea,44,Eye of the Tiger,Survivor,4:05,https://open.spotify.com/playlist/4T1QICvy4hruugOnMyTspC
TB 100,Coletânea,Coletânea,45,What's Love Got to Do with It,Tina Turner,3:48,https://open.spotify.com/playlist/4T1QICvy4hruugOnMyTspC
TB 100,Coletânea,Coletânea,46,Like a Prayer,Madonna,5:39,https://open.spotify.com/playlist/4T1QICvy4hruugOnMyTspC
TB 100,Coletânea,Coletânea,47,Girls Just Want to Have Fun,Cyndi Lauper,3:58,https://open.spotify.com/playlist/4T1QICvy4hruugOnMyTspC
TB 100,Coletânea,Coletânea,48,Stayin' Alive,Bee Gees,4:45,https://open.spotify.com/playlist/4T1QICvy4hruugOnMyTspC
TB 100,Coletânea,Coletânea,49,Dancing Queen,ABBA,3:51,https://open.spotify.com/playlist/4T1QICvy4hruugOnMyTspC
TB 100,Coletânea,Coletânea,50,Rolling in the Deep,Adele,3:48,https://open.spotify.com/playlist/4T1QICvy4hruugOnMyTspC
TB 100,Coletânea,Coletânea,51,Rehab,Amy Winehouse,3:35,https://open.spotify.com/playlist/4T1QICvy4hruugOnMyTspC
TB 100,Coletânea,Coletânea,52,Crazy in Love,Beyoncé,3:56,https://open.spotify.com/playlist/4T1QICvy4hruugOnMyTspC
TB 100,Coletânea,Coletânea,53,Umbrella,Rihanna,4:35,https://open.spotify.com/playlist/4T1QICvy4hruugOnMyTspC
TB 100,Coletânea,Coletânea,54,Bad Romance,Lady Gaga,4:54,https://open.spotify.com/playlist/4T1QICvy4hruugOnMyTspC
TB 100,Coletânea,Coletânea,55,Firework,Katy Perry,3:47,https://open.spotify.com/playlist/4T1QICvy4hruugOnMyTspC
TB 100,Coletânea,Coletânea,56,Blank Space,Taylor Swift,3:51,https://open.spotify.com/playlist/4T1QICvy4hruugOnMyTspC
TB 100,Coletânea,Coletânea,57,Shape of You,Ed Sheeran,3:53,https://open.spotify.com/playlist/4T1QICvy4hruugOnMyTspC
TB 100,Coletânea,Coletânea,58,Just the Way You Are,Bruno Mars,3:40,https://open.spotify.com/playlist/4T1QICvy4hruugOnMyTspC
TB 100,Coletânea,Coletânea,59,Blinding Lights,The Weeknd,3:20,https://open.spotify.com/playlist/4T1QICvy4hruugOnMyTspC
TB 100,Coletânea,Coletânea,60,Don't Start Now,Dua Lipa,3:03,https://open.spotify.com/playlist/4T1QICvy4hruugOnMyTspC
TB 100,Coletânea,Coletânea,61,Lose Yourself,Eminem,5:26,https://open.spotify.com/playlist/4T1QICvy4hruugOnMyTspC
TB 100,Coletânea,Coletânea,62,99 Problems,Jay-Z,3:54,https://open.spotify.com/playlist/4T1QICvy4hruugOnMyTspC
TB 100,Coletânea,Coletânea,63,Stronger,Kanye West,5:11,https://open.spotify.com/playlist/4T1QICvy4hruugOnMyTspC
TB 100,Coletânea,Coletânea,64,HUMBLE.,Kendrick Lamar,2:57,https://open.spotify.com/playlist/4T1QICvy4hruugOnMyTspC
TB 100,Coletânea,Coletânea,65,God's Plan,Drake,3:18,https://open.spotify.com/playlist/4T1QICvy4hruugOnMyTspC
TB 100,Coletânea,Coletânea,66,Changes,2Pac,4:29,https://open.spotify.com/playlist/4T1QICvy4hruugOnMyTspC
TB 100,Coletânea,Coletânea,67,Juicy,The Notorious B.I.G.,5:02,https://open.spotify.com/playlist/4T1QICvy4hruugOnMyTspC
TB 100,Coletânea,Coletânea,68,Gin and Juice,Snoop Dogg,3:33,https://open.spotify.com/playlist/4T1QICvy4hruugOnMyTspC
TB 100,Coletânea,Coletânea,69,Still D.R.E.,Dr. Dre,4:30,https://open.spotify.com/playlist/4T1QICvy4hruugOnMyTspC
TB 100,Coletânea,Coletânea,70,Hey Ya!,OutKast,3:55,https://open.spotify.com/playlist/4T1QICvy4hruugOnMyTspC
TB 100,Coletânea,Coletânea,71,If I Ain't Got You,Alicia Keys,3:48,https://open.spotify.com/playlist/4T1QICvy4hruugOnMyTspC
TB 100,Coletânea,Coletânea,72,All of Me,John Legend,4:29,https://open.spotify.com/playlist/4T1QICvy4hruugOnMyTspC
TB 100,Coletânea,Coletânea,73,Stay With Me,Sam Smith,2:52,https://open.spotify.com/playlist/4T1QICvy4hruugOnMyTspC
TB 100,Coletânea,Coletânea,74,Chandelier,Sia,3:36,https://open.spotify.com/playlist/4T1QICvy4hruugOnMyTspC
TB 100,Coletânea,Coletânea,75,Royals,Lorde,3:10,https://open.spotify.com/playlist/4T1QICvy4hruugOnMyTspC
TB 100,Coletânea,Coletânea,76,bad guy,Billie Eilish,3:14,https://open.spotify.com/playlist/4T1QICvy4hruugOnMyTspC
TB 100,Coletânea,Coletânea,77,Believer,Imagine Dragons,3:24,https://open.spotify.com/playlist/4T1QICvy4hruugOnMyTspC
TB 100,Coletânea,Coletânea,78,Sugar,Maroon 5,3:55,https://open.spotify.com/playlist/4T1QICvy4hruugOnMyTspC
TB 100,Coletânea,Coletânea,79,Counting Stars,OneRepublic,4:17,https://open.spotify.com/playlist/4T1QICvy4hruugOnMyTspC
TB 100,Coletânea,Coletânea,80,In the End,Linkin Park,3:36,https://open.spotify.com/playlist/4T1QICvy4hruugOnMyTspC
TB 100,Coletânea,Coletânea,81,Boulevard of Broken Dreams,Green Day,4:20,https://open.spotify.com/playlist/4T1QICvy4hruugOnMyTspC
TB 100,Coletânea,Coletânea,82,Everlong,Foo Fighters,4:10,https://open.spotify.com/playlist/4T1QICvy4hruugOnMyTspC
TB 100,Coletânea,Coletânea,83,Alive,Pearl Jam,5:41,https://open.spotify.com/playlist/4T1QICvy4hruugOnMyTspC
TB 100,Coletânea,Coletânea,84,Black Hole Sun,Soundgarden,5:18,https://open.spotify.com/playlist/4T1QICvy4hruugOnMyTspC
TB 100,Coletânea,Coletânea,85,Seven Nation Army,The White Stripes,3:51,https://open.spotify.com/playlist/4T1QICvy4hruugOnMyTspC
TB 100,Coletânea,Coletânea,86,Do I Wanna Know?,Arctic Monkeys,4:32,https://open.spotify.com/playlist/4T1QICvy4hruugOnMyTspC
TB 100,Coletânea,Coletânea,87,Mr. Brightside,The Killers,3:42,https://open.spotify.com/playlist/4T1QICvy4hruugOnMyTspC
TB 100,Coletânea,Coletânea,88,Song 2,Blur,2:02,https://open.spotify.com/playlist/4T1QICvy4hruugOnMyTspC
TB 100,Coletânea,Coletânea,89,Enjoy the Silence,Depeche Mode,4:16,https://open.spotify.com/playlist/4T1QICvy4hruugOnMyTspC
TB 100,Coletânea,Coletânea,90,Just Like Heaven,The Cure,3:33,https://open.spotify.com/playlist/4T1QICvy4hruugOnMyTspC
TB 100,Coletânea,Coletânea,91,Once in a Lifetime,Talking Heads,4:19,https://open.spotify.com/playlist/4T1QICvy4hruugOnMyTspC
TB 100,Coletânea,Coletânea,92,Get Lucky,Daft Punk,6:07,https://open.spotify.com/playlist/4T1QICvy4hruugOnMyTspC
TB 100,Coletânea,Coletânea,93,Wake Me Up,Avicii,4:09,https://open.spotify.com/playlist/4T1QICvy4hruugOnMyTspC
TB 100,Coletânea,Coletânea,94,Summer,Calvin Harris,3:43,https://open.spotify.com/playlist/4T1QICvy4hruugOnMyTspC
TB 100,Coletânea,Coletânea,95,Titanium,David Guetta,4:05,https://open.spotify.com/playlist/4T1QICvy4hruugOnMyTspC
TB 100,Coletânea,Coletânea,96,Africa,Toto,4:55,https://open.spotify.com/playlist/4T1QICvy4hruugOnMyTspC
TB 100,Coletânea,Coletânea,97,Take On Me,a-ha,3:46,https://open.spotify.com/playlist/4T1QICvy4hruugOnMyTspC
TB 100,Coletânea,Coletânea,98,Sultans of Swing,Dire Straits,5:47,https://open.spotify.com/playlist/4T1QICvy4hruugOnMyTspC
TB 100,Coletânea,Coletânea,99,Smooth,Santana,4:56,https://open.spotify.com/playlist/4T1QICvy4hruugOnMyTspC
TB 100,Coletânea,Coletânea,100,Have You Ever Seen the Rain,Creedence Clearwater Revival,2:40,https://open.spotify.com/playlist/4T1QICvy4hruugOnMyTspC
TB 100 Vol. 1,Volume,Vol. 1,1,Don't Stop Me Now,Queen,,https://open.spotify.com/playlist/3I9dM6dIdlcQMOtlDHJqL3
TB 100 Vol. 1,Volume,Vol. 1,2,Let It Be,The Beatles,,https://open.spotify.com/playlist/3I9dM6dIdlcQMOtlDHJqL3
TB 100 Vol. 1,Volume,Vol. 1,3,Thriller,Michael Jackson,,https://open.spotify.com/playlist/3I9dM6dIdlcQMOtlDHJqL3
TB 100 Vol. 1,Volume,Vol. 1,4,Whole Lotta Love,Led Zeppelin,,https://open.spotify.com/playlist/3I9dM6dIdlcQMOtlDHJqL3
TB 100 Vol. 1,Volume,Vol. 1,5,Come as You Are,Nirvana,,https://open.spotify.com/playlist/3I9dM6dIdlcQMOtlDHJqL3
TB 100 Vol. 1,Volume,Vol. 1,6,Paint It Black,The Rolling Stones,,https://open.spotify.com/playlist/3I9dM6dIdlcQMOtlDHJqL3
TB 100 Vol. 1,Volume,Vol. 1,7,Blowin' in the Wind,Bob Dylan,,https://open.spotify.com/playlist/3I9dM6dIdlcQMOtlDHJqL3
TB 100 Vol. 1,Volume,Vol. 1,8,Space Oddity,David Bowie,,https://open.spotify.com/playlist/3I9dM6dIdlcQMOtlDHJqL3
TB 100 Vol. 1,Volume,Vol. 1,9,When Doves Cry,Prince,,https://open.spotify.com/playlist/3I9dM6dIdlcQMOtlDHJqL3
TB 100 Vol. 1,Volume,Vol. 1,10,Dancing in the Dark,Bruce Springsteen,,https://open.spotify.com/playlist/3I9dM6dIdlcQMOtlDHJqL3
TB 100 Vol. 1,Volume,Vol. 1,11,Sweetest Thing,U2,,https://open.spotify.com/playlist/3I9dM6dIdlcQMOtlDHJqL3
TB 100 Vol. 1,Volume,Vol. 1,12,"Another Brick in the Wall, Part 2",Pink Floyd,,https://open.spotify.com/playlist/3I9dM6dIdlcQMOtlDHJqL3
TB 100 Vol. 1,Volume,Vol. 1,13,Won't Get Fooled Again,The Who,,https://open.spotify.com/playlist/3I9dM6dIdlcQMOtlDHJqL3
TB 100 Vol. 1,Volume,Vol. 1,14,Highway to Hell,AC/DC,,https://open.spotify.com/playlist/3I9dM6dIdlcQMOtlDHJqL3
TB 100 Vol. 1,Volume,Vol. 1,15,Master of Puppets,Metallica,,https://open.spotify.com/playlist/3I9dM6dIdlcQMOtlDHJqL3
TB 100 Vol. 1,Volume,Vol. 1,16,Welcome to the Jungle,Guns N' Roses,,https://open.spotify.com/playlist/3I9dM6dIdlcQMOtlDHJqL3
TB 100 Vol. 1,Volume,Vol. 1,17,Take It Easy,Eagles,,https://open.spotify.com/playlist/3I9dM6dIdlcQMOtlDHJqL3
TB 100 Vol. 1,Volume,Vol. 1,18,Dreams,Fleetwood Mac,,https://open.spotify.com/playlist/3I9dM6dIdlcQMOtlDHJqL3
TB 100 Vol. 1,Volume,Vol. 1,19,Riders on the Storm,The Doors,,https://open.spotify.com/playlist/3I9dM6dIdlcQMOtlDHJqL3
TB 100 Vol. 1,Volume,Vol. 1,20,All Along the Watchtower,Jimi Hendrix,,https://open.spotify.com/playlist/3I9dM6dIdlcQMOtlDHJqL3
TB 100 Vol. 1,Volume,Vol. 1,21,"No Woman, No Cry",Bob Marley,,https://open.spotify.com/playlist/3I9dM6dIdlcQMOtlDHJqL3
TB 100 Vol. 1,Volume,Vol. 1,22,I Just Called to Say I Love You,Stevie Wonder,,https://open.spotify.com/playlist/3I9dM6dIdlcQMOtlDHJqL3
TB 100 Vol. 1,Volume,Vol. 1,23,Let's Get It On,Marvin Gaye,,https://open.spotify.com/playlist/3I9dM6dIdlcQMOtlDHJqL3
TB 100 Vol. 1,Volume,Vol. 1,24,(You Make Me Feel Like) A Natural Woman,Aretha Franklin,,https://open.spotify.com/playlist/3I9dM6dIdlcQMOtlDHJqL3
TB 100 Vol. 1,Volume,Vol. 1,25,Your Song,Elton John,,https://open.spotify.com/playlist/3I9dM6dIdlcQMOtlDHJqL3
TB 100 Vol. 1,Volume,Vol. 1,26,Jailhouse Rock,Elvis Presley,,https://open.spotify.com/playlist/3I9dM6dIdlcQMOtlDHJqL3
TB 100 Vol. 1,Volume,Vol. 1,27,Hit the Road Jack,Ray Charles,,https://open.spotify.com/playlist/3I9dM6dIdlcQMOtlDHJqL3
TB 100 Vol. 1,Volume,Vol. 1,28,Roll Over Beethoven,Chuck Berry,,https://open.spotify.com/playlist/3I9dM6dIdlcQMOtlDHJqL3
TB 100 Vol. 1,Volume,Vol. 1,29,Good Vibrations,The Beach Boys,,https://open.spotify.com/playlist/3I9dM6dIdlcQMOtlDHJqL3
TB 100 Vol. 1,Volume,Vol. 1,30,The Sound of Silence,Simon & Garfunkel,,https://open.spotify.com/playlist/3I9dM6dIdlcQMOtlDHJqL3
TB 100 Vol. 1,Volume,Vol. 1,31,Karma Police,Radiohead,,https://open.spotify.com/playlist/3I9dM6dIdlcQMOtlDHJqL3
TB 100 Vol. 1,Volume,Vol. 1,32,Don't Look Back in Anger,Oasis,,https://open.spotify.com/playlist/3I9dM6dIdlcQMOtlDHJqL3
TB 100 Vol. 1,Volume,Vol. 1,33,Viva la Vida,Coldplay,,https://open.spotify.com/playlist/3I9dM6dIdlcQMOtlDHJqL3
TB 100 Vol. 1,Volume,Vol. 1,34,Californication,Red Hot Chili Peppers,,https://open.spotify.com/playlist/3I9dM6dIdlcQMOtlDHJqL3
TB 100 Vol. 1,Volume,Vol. 1,35,Roxanne,The Police,,https://open.spotify.com/playlist/3I9dM6dIdlcQMOtlDHJqL3
TB 100 Vol. 1,Volume,Vol. 1,36,You Give Love a Bad Name,Bon Jovi,,https://open.spotify.com/playlist/3I9dM6dIdlcQMOtlDHJqL3
TB 100 Vol. 1,Volume,Vol. 1,37,Any Way You Want It,Journey,,https://open.spotify.com/playlist/3I9dM6dIdlcQMOtlDHJqL3
TB 100 Vol. 1,Volume,Vol. 1,38,Learn to Fly,Foo Fighters,,https://open.spotify.com/playlist/3I9dM6dIdlcQMOtlDHJqL3
TB 100 Vol. 1,Volume,Vol. 1,39,Jeremy,Pearl Jam,,https://open.spotify.com/playlist/3I9dM6dIdlcQMOtlDHJqL3
TB 100 Vol. 1,Volume,Vol. 1,40,Basket Case,Green Day,,https://open.spotify.com/playlist/3I9dM6dIdlcQMOtlDHJqL3
TB 100 Vol. 1,Volume,Vol. 1,41,Numb,Linkin Park,,https://open.spotify.com/playlist/3I9dM6dIdlcQMOtlDHJqL3
TB 100 Vol. 1,Volume,Vol. 1,42,505,Arctic Monkeys,,https://open.spotify.com/playlist/3I9dM6dIdlcQMOtlDHJqL3
TB 100 Vol. 1,Volume,Vol. 1,43,Somebody Told Me,The Killers,,https://open.spotify.com/playlist/3I9dM6dIdlcQMOtlDHJqL3
TB 100 Vol. 1,Volume,Vol. 1,44,Friday I'm in Love,The Cure,,https://open.spotify.com/playlist/3I9dM6dIdlcQMOtlDHJqL3
TB 100 Vol. 1,Volume,Vol. 1,45,Personal Jesus,Depeche Mode,,https://open.spotify.com/playlist/3I9dM6dIdlcQMOtlDHJqL3
TB 100 Vol. 1,Volume,Vol. 1,46,Spoonman,Soundgarden,,https://open.spotify.com/playlist/3I9dM6dIdlcQMOtlDHJqL3
TB 100 Vol. 1,Volume,Vol. 1,47,Fell in Love with a Girl,The White Stripes,,https://open.spotify.com/playlist/3I9dM6dIdlcQMOtlDHJqL3
TB 100 Vol. 1,Volume,Vol. 1,48,Psycho Killer,Talking Heads,,https://open.spotify.com/playlist/3I9dM6dIdlcQMOtlDHJqL3
TB 100 Vol. 1,Volume,Vol. 1,49,Girls & Boys,Blur,,https://open.spotify.com/playlist/3I9dM6dIdlcQMOtlDHJqL3
TB 100 Vol. 1,Volume,Vol. 1,50,Money for Nothing,Dire Straits,,https://open.spotify.com/playlist/3I9dM6dIdlcQMOtlDHJqL3
TB 100 Vol. 1,Volume,Vol. 1,51,Dream On,Aerosmith,,https://open.spotify.com/playlist/3I9dM6dIdlcQMOtlDHJqL3
TB 100 Vol. 1,Volume,Vol. 1,52,Losing My Religion,R.E.M.,,https://open.spotify.com/playlist/3I9dM6dIdlcQMOtlDHJqL3
TB 100 Vol. 1,Volume,Vol. 1,53,There Is a Light That Never Goes Out,The Smiths,,https://open.spotify.com/playlist/3I9dM6dIdlcQMOtlDHJqL3
TB 100 Vol. 1,Volume,Vol. 1,54,Uprising,Muse,,https://open.spotify.com/playlist/3I9dM6dIdlcQMOtlDHJqL3
TB 100 Vol. 1,Volume,Vol. 1,55,Jump,Van Halen,,https://open.spotify.com/playlist/3I9dM6dIdlcQMOtlDHJqL3
TB 100 Vol. 1,Volume,Vol. 1,56,Free Fallin',Tom Petty and the Heartbreakers,,https://open.spotify.com/playlist/3I9dM6dIdlcQMOtlDHJqL3
TB 100 Vol. 1,Volume,Vol. 1,57,Old Time Rock and Roll,Bob Seger,,https://open.spotify.com/playlist/3I9dM6dIdlcQMOtlDHJqL3
TB 100 Vol. 1,Volume,Vol. 1,58,Should I Stay or Should I Go,The Clash,,https://open.spotify.com/playlist/3I9dM6dIdlcQMOtlDHJqL3
TB 100 Vol. 1,Volume,Vol. 1,59,You Really Got Me,The Kinks,,https://open.spotify.com/playlist/3I9dM6dIdlcQMOtlDHJqL3
TB 100 Vol. 1,Volume,Vol. 1,60,Paranoid,Black Sabbath,,https://open.spotify.com/playlist/3I9dM6dIdlcQMOtlDHJqL3
TB 100 Vol. 1,Volume,Vol. 1,61,Vogue,Madonna,,https://open.spotify.com/playlist/3I9dM6dIdlcQMOtlDHJqL3
TB 100 Vol. 1,Volume,Vol. 1,62,I Wanna Dance with Somebody (Who Loves Me),Whitney Houston,,https://open.spotify.com/playlist/3I9dM6dIdlcQMOtlDHJqL3
TB 100 Vol. 1,Volume,Vol. 1,63,The Best,Tina Turner,,https://open.spotify.com/playlist/3I9dM6dIdlcQMOtlDHJqL3
TB 100 Vol. 1,Volume,Vol. 1,64,Mamma Mia,ABBA,,https://open.spotify.com/playlist/3I9dM6dIdlcQMOtlDHJqL3
TB 100 Vol. 1,Volume,Vol. 1,65,How Deep Is Your Love,Bee Gees,,https://open.spotify.com/playlist/3I9dM6dIdlcQMOtlDHJqL3
TB 100 Vol. 1,Volume,Vol. 1,66,Time After Time,Cyndi Lauper,,https://open.spotify.com/playlist/3I9dM6dIdlcQMOtlDHJqL3
TB 100 Vol. 1,Volume,Vol. 1,67,Someone Like You,Adele,,https://open.spotify.com/playlist/3I9dM6dIdlcQMOtlDHJqL3
TB 100 Vol. 1,Volume,Vol. 1,68,Back to Black,Amy Winehouse,,https://open.spotify.com/playlist/3I9dM6dIdlcQMOtlDHJqL3
TB 100 Vol. 1,Volume,Vol. 1,69,You Send Me,Sam Cooke,,https://open.spotify.com/playlist/3I9dM6dIdlcQMOtlDHJqL3
TB 100 Vol. 1,Volume,Vol. 1,70,I Can't Turn You Loose,Otis Redding,,https://open.spotify.com/playlist/3I9dM6dIdlcQMOtlDHJqL3
TB 100 Vol. 1,Volume,Vol. 1,71,Single Ladies (Put a Ring on It),Beyoncé,,https://open.spotify.com/playlist/3I9dM6dIdlcQMOtlDHJqL3
TB 100 Vol. 1,Volume,Vol. 1,72,Diamonds,Rihanna,,https://open.spotify.com/playlist/3I9dM6dIdlcQMOtlDHJqL3
TB 100 Vol. 1,Volume,Vol. 1,73,Poker Face,Lady Gaga,,https://open.spotify.com/playlist/3I9dM6dIdlcQMOtlDHJqL3
TB 100 Vol. 1,Volume,Vol. 1,74,Roar,Katy Perry,,https://open.spotify.com/playlist/3I9dM6dIdlcQMOtlDHJqL3
TB 100 Vol. 1,Volume,Vol. 1,75,Shake It Off,Taylor Swift,,https://open.spotify.com/playlist/3I9dM6dIdlcQMOtlDHJqL3
TB 100 Vol. 1,Volume,Vol. 1,76,Perfect,Ed Sheeran,,https://open.spotify.com/playlist/3I9dM6dIdlcQMOtlDHJqL3
TB 100 Vol. 1,Volume,Vol. 1,77,Grenade,Bruno Mars,,https://open.spotify.com/playlist/3I9dM6dIdlcQMOtlDHJqL3
TB 100 Vol. 1,Volume,Vol. 1,78,Starboy,The Weeknd,,https://open.spotify.com/playlist/3I9dM6dIdlcQMOtlDHJqL3
TB 100 Vol. 1,Volume,Vol. 1,79,Levitating,Dua Lipa,,https://open.spotify.com/playlist/3I9dM6dIdlcQMOtlDHJqL3
TB 100 Vol. 1,Volume,Vol. 1,80,Cheap Thrills,Sia,,https://open.spotify.com/playlist/3I9dM6dIdlcQMOtlDHJqL3
TB 100 Vol. 1,Volume,Vol. 1,81,The Real Slim Shady,Eminem,,https://open.spotify.com/playlist/3I9dM6dIdlcQMOtlDHJqL3
TB 100 Vol. 1,Volume,Vol. 1,82,Empire State of Mind,Jay-Z,,https://open.spotify.com/playlist/3I9dM6dIdlcQMOtlDHJqL3
TB 100 Vol. 1,Volume,Vol. 1,83,Gold Digger,Kanye West,,https://open.spotify.com/playlist/3I9dM6dIdlcQMOtlDHJqL3
TB 100 Vol. 1,Volume,Vol. 1,84,DNA.,Kendrick Lamar,,https://open.spotify.com/playlist/3I9dM6dIdlcQMOtlDHJqL3
TB 100 Vol. 1,Volume,Vol. 1,85,Hotline Bling,Drake,,https://open.spotify.com/playlist/3I9dM6dIdlcQMOtlDHJqL3
TB 100 Vol. 1,Volume,Vol. 1,86,California Love,2Pac,,https://open.spotify.com/playlist/3I9dM6dIdlcQMOtlDHJqL3
TB 100 Vol. 1,Volume,Vol. 1,87,Big Poppa,The Notorious B.I.G.,,https://open.spotify.com/playlist/3I9dM6dIdlcQMOtlDHJqL3
TB 100 Vol. 1,Volume,Vol. 1,88,Drop It Like It's Hot,Snoop Dogg,,https://open.spotify.com/playlist/3I9dM6dIdlcQMOtlDHJqL3
TB 100 Vol. 1,Volume,Vol. 1,89,Nuthin' but a 'G' Thang,Dr. Dre,,https://open.spotify.com/playlist/3I9dM6dIdlcQMOtlDHJqL3
TB 100 Vol. 1,Volume,Vol. 1,90,Ms. Jackson,OutKast,,https://open.spotify.com/playlist/3I9dM6dIdlcQMOtlDHJqL3
TB 100 Vol. 1,Volume,Vol. 1,91,No One,Alicia Keys,,https://open.spotify.com/playlist/3I9dM6dIdlcQMOtlDHJqL3
TB 100 Vol. 1,Volume,Vol. 1,92,Ordinary People,John Legend,,https://open.spotify.com/playlist/3I9dM6dIdlcQMOtlDHJqL3
TB 100 Vol. 1,Volume,Vol. 1,93,I'm Not the Only One,Sam Smith,,https://open.spotify.com/playlist/3I9dM6dIdlcQMOtlDHJqL3
TB 100 Vol. 1,Volume,Vol. 1,94,Green Light,Lorde,,https://open.spotify.com/playlist/3I9dM6dIdlcQMOtlDHJqL3
TB 100 Vol. 1,Volume,Vol. 1,95,Happier Than Ever,Billie Eilish,,https://open.spotify.com/playlist/3I9dM6dIdlcQMOtlDHJqL3
TB 100 Vol. 1,Volume,Vol. 1,96,Radioactive,Imagine Dragons,,https://open.spotify.com/playlist/3I9dM6dIdlcQMOtlDHJqL3
TB 100 Vol. 1,Volume,Vol. 1,97,This Love,Maroon 5,,https://open.spotify.com/playlist/3I9dM6dIdlcQMOtlDHJqL3
TB 100 Vol. 1,Volume,Vol. 1,98,Apologize,OneRepublic,,https://open.spotify.com/playlist/3I9dM6dIdlcQMOtlDHJqL3
TB 100 Vol. 1,Volume,Vol. 1,99,One More Time,Daft Punk,,https://open.spotify.com/playlist/3I9dM6dIdlcQMOtlDHJqL3
TB 100 Vol. 1,Volume,Vol. 1,100,Maria Maria,Santana,,https://open.spotify.com/playlist/3I9dM6dIdlcQMOtlDHJqL3
TB 100 Vol. 2,Volume,Vol. 2,1,We Will Rock You,Queen,,https://open.spotify.com/playlist/2ZObbaKW8T0PR4Sfp4R9yi
TB 100 Vol. 2,Volume,Vol. 2,2,Here Comes the Sun,The Beatles,,https://open.spotify.com/playlist/2ZObbaKW8T0PR4Sfp4R9yi
TB 100 Vol. 2,Volume,Vol. 2,3,Beat It,Michael Jackson,,https://open.spotify.com/playlist/2ZObbaKW8T0PR4Sfp4R9yi
TB 100 Vol. 2,Volume,Vol. 2,4,Kashmir,Led Zeppelin,,https://open.spotify.com/playlist/2ZObbaKW8T0PR4Sfp4R9yi
TB 100 Vol. 2,Volume,Vol. 2,5,Heart-Shaped Box,Nirvana,,https://open.spotify.com/playlist/2ZObbaKW8T0PR4Sfp4R9yi
TB 100 Vol. 2,Volume,Vol. 2,6,Gimme Shelter,The Rolling Stones,,https://open.spotify.com/playlist/2ZObbaKW8T0PR4Sfp4R9yi
TB 100 Vol. 2,Volume,Vol. 2,7,The Times They Are a-Changin',Bob Dylan,,https://open.spotify.com/playlist/2ZObbaKW8T0PR4Sfp4R9yi
TB 100 Vol. 2,Volume,Vol. 2,8,Let's Dance,David Bowie,,https://open.spotify.com/playlist/2ZObbaKW8T0PR4Sfp4R9yi
TB 100 Vol. 2,Volume,Vol. 2,9,Kiss,Prince,,https://open.spotify.com/playlist/2ZObbaKW8T0PR4Sfp4R9yi
TB 100 Vol. 2,Volume,Vol. 2,10,Born in the U.S.A.,Bruce Springsteen,,https://open.spotify.com/playlist/2ZObbaKW8T0PR4Sfp4R9yi
TB 100 Vol. 2,Volume,Vol. 2,11,Beautiful Day,U2,,https://open.spotify.com/playlist/2ZObbaKW8T0PR4Sfp4R9yi
TB 100 Vol. 2,Volume,Vol. 2,12,Comfortably Numb,Pink Floyd,,https://open.spotify.com/playlist/2ZObbaKW8T0PR4Sfp4R9yi
TB 100 Vol. 2,Volume,Vol. 2,13,My Generation,The Who,,https://open.spotify.com/playlist/2ZObbaKW8T0PR4Sfp4R9yi
TB 100 Vol. 2,Volume,Vol. 2,14,Thunderstruck,AC/DC,,https://open.spotify.com/playlist/2ZObbaKW8T0PR4Sfp4R9yi
TB 100 Vol. 2,Volume,Vol. 2,15,Nothing Else Matters,Metallica,,https://open.spotify.com/playlist/2ZObbaKW8T0PR4Sfp4R9yi
TB 100 Vol. 2,Volume,Vol. 2,16,November Rain,Guns N' Roses,,https://open.spotify.com/playlist/2ZObbaKW8T0PR4Sfp4R9yi
TB 100 Vol. 2,Volume,Vol. 2,17,Desperado,Eagles,,https://open.spotify.com/playlist/2ZObbaKW8T0PR4Sfp4R9yi
TB 100 Vol. 2,Volume,Vol. 2,18,Landslide,Fleetwood Mac,,https://open.spotify.com/playlist/2ZObbaKW8T0PR4Sfp4R9yi
TB 100 Vol. 2,Volume,Vol. 2,19,Break On Through (To the Other Side),The Doors,,https://open.spotify.com/playlist/2ZObbaKW8T0PR4Sfp4R9yi
TB 100 Vol. 2,Volume,Vol. 2,20,Hey Joe,Jimi Hendrix,,https://open.spotify.com/playlist/2ZObbaKW8T0PR4Sfp4R9yi
TB 100 Vol. 2,Volume,Vol. 2,21,Three Little Birds,Bob Marley,,https://open.spotify.com/playlist/2ZObbaKW8T0PR4Sfp4R9yi
TB 100 Vol. 2,Volume,Vol. 2,22,Sir Duke,Stevie Wonder,,https://open.spotify.com/playlist/2ZObbaKW8T0PR4Sfp4R9yi
TB 100 Vol. 2,Volume,Vol. 2,23,Sexual Healing,Marvin Gaye,,https://open.spotify.com/playlist/2ZObbaKW8T0PR4Sfp4R9yi
TB 100 Vol. 2,Volume,Vol. 2,24,Think,Aretha Franklin,,https://open.spotify.com/playlist/2ZObbaKW8T0PR4Sfp4R9yi
TB 100 Vol. 2,Volume,Vol. 2,25,Tiny Dancer,Elton John,,https://open.spotify.com/playlist/2ZObbaKW8T0PR4Sfp4R9yi
TB 100 Vol. 2,Volume,Vol. 2,26,Can't Help Falling in Love,Elvis Presley,,https://open.spotify.com/playlist/2ZObbaKW8T0PR4Sfp4R9yi
TB 100 Vol. 2,Volume,Vol. 2,27,What'd I Say,Ray Charles,,https://open.spotify.com/playlist/2ZObbaKW8T0PR4Sfp4R9yi
TB 100 Vol. 2,Volume,Vol. 2,28,Maybellene,Chuck Berry,,https://open.spotify.com/playlist/2ZObbaKW8T0PR4Sfp4R9yi
TB 100 Vol. 2,Volume,Vol. 2,29,Wouldn't It Be Nice,The Beach Boys,,https://open.spotify.com/playlist/2ZObbaKW8T0PR4Sfp4R9yi
TB 100 Vol. 2,Volume,Vol. 2,30,Mrs. Robinson,Simon & Garfunkel,,https://open.spotify.com/playlist/2ZObbaKW8T0PR4Sfp4R9yi
TB 100 Vol. 2,Volume,Vol. 2,31,No Surprises,Radiohead,,https://open.spotify.com/playlist/2ZObbaKW8T0PR4Sfp4R9yi
TB 100 Vol. 2,Volume,Vol. 2,32,Champagne Supernova,Oasis,,https://open.spotify.com/playlist/2ZObbaKW8T0PR4Sfp4R9yi
TB 100 Vol. 2,Volume,Vol. 2,33,The Scientist,Coldplay,,https://open.spotify.com/playlist/2ZObbaKW8T0PR4Sfp4R9yi
TB 100 Vol. 2,Volume,Vol. 2,34,Scar Tissue,Red Hot Chili Peppers,,https://open.spotify.com/playlist/2ZObbaKW8T0PR4Sfp4R9yi
TB 100 Vol. 2,Volume,Vol. 2,35,Message in a Bottle,The Police,,https://open.spotify.com/playlist/2ZObbaKW8T0PR4Sfp4R9yi
TB 100 Vol. 2,Volume,Vol. 2,36,Wanted Dead or Alive,Bon Jovi,,https://open.spotify.com/playlist/2ZObbaKW8T0PR4Sfp4R9yi
TB 100 Vol. 2,Volume,Vol. 2,37,Faithfully,Journey,,https://open.spotify.com/playlist/2ZObbaKW8T0PR4Sfp4R9yi
TB 100 Vol. 2,Volume,Vol. 2,38,The Pretender,Foo Fighters,,https://open.spotify.com/playlist/2ZObbaKW8T0PR4Sfp4R9yi
TB 100 Vol. 2,Volume,Vol. 2,39,Even Flow,Pearl Jam,,https://open.spotify.com/playlist/2ZObbaKW8T0PR4Sfp4R9yi
TB 100 Vol. 2,Volume,Vol. 2,40,American Idiot,Green Day,,https://open.spotify.com/playlist/2ZObbaKW8T0PR4Sfp4R9yi
TB 100 Vol. 2,Volume,Vol. 2,41,Faint,Linkin Park,,https://open.spotify.com/playlist/2ZObbaKW8T0PR4Sfp4R9yi
TB 100 Vol. 2,Volume,Vol. 2,42,R U Mine?,Arctic Monkeys,,https://open.spotify.com/playlist/2ZObbaKW8T0PR4Sfp4R9yi
TB 100 Vol. 2,Volume,Vol. 2,43,When You Were Young,The Killers,,https://open.spotify.com/playlist/2ZObbaKW8T0PR4Sfp4R9yi
TB 100 Vol. 2,Volume,Vol. 2,44,Boys Don't Cry,The Cure,,https://open.spotify.com/playlist/2ZObbaKW8T0PR4Sfp4R9yi
TB 100 Vol. 2,Volume,Vol. 2,45,Just Can't Get Enough,Depeche Mode,,https://open.spotify.com/playlist/2ZObbaKW8T0PR4Sfp4R9yi
TB 100 Vol. 2,Volume,Vol. 2,46,Fell on Black Days,Soundgarden,,https://open.spotify.com/playlist/2ZObbaKW8T0PR4Sfp4R9yi
TB 100 Vol. 2,Volume,Vol. 2,47,The Hardest Button to Button,The White Stripes,,https://open.spotify.com/playlist/2ZObbaKW8T0PR4Sfp4R9yi
TB 100 Vol. 2,Volume,Vol. 2,48,Burning Down the House,Talking Heads,,https://open.spotify.com/playlist/2ZObbaKW8T0PR4Sfp4R9yi
TB 100 Vol. 2,Volume,Vol. 2,49,Coffee & TV,Blur,,https://open.spotify.com/playlist/2ZObbaKW8T0PR4Sfp4R9yi
TB 100 Vol. 2,Volume,Vol. 2,50,Brothers in Arms,Dire Straits,,https://open.spotify.com/playlist/2ZObbaKW8T0PR4Sfp4R9yi
TB 100 Vol. 2,Volume,Vol. 2,51,Walk This Way,Aerosmith,,https://open.spotify.com/playlist/2ZObbaKW8T0PR4Sfp4R9yi
TB 100 Vol. 2,Volume,Vol. 2,52,Everybody Hurts,R.E.M.,,https://open.spotify.com/playlist/2ZObbaKW8T0PR4Sfp4R9yi
TB 100 Vol. 2,Volume,Vol. 2,53,This Charming Man,The Smiths,,https://open.spotify.com/playlist/2ZObbaKW8T0PR4Sfp4R9yi
TB 100 Vol. 2,Volume,Vol. 2,54,Supermassive Black Hole,Muse,,https://open.spotify.com/playlist/2ZObbaKW8T0PR4Sfp4R9yi
TB 100 Vol. 2,Volume,Vol. 2,55,Panama,Van Halen,,https://open.spotify.com/playlist/2ZObbaKW8T0PR4Sfp4R9yi
TB 100 Vol. 2,Volume,Vol. 2,56,American Girl,Tom Petty and the Heartbreakers,,https://open.spotify.com/playlist/2ZObbaKW8T0PR4Sfp4R9yi
TB 100 Vol. 2,Volume,Vol. 2,57,Night Moves,Bob Seger,,https://open.spotify.com/playlist/2ZObbaKW8T0PR4Sfp4R9yi
TB 100 Vol. 2,Volume,Vol. 2,58,Rock the Casbah,The Clash,,https://open.spotify.com/playlist/2ZObbaKW8T0PR4Sfp4R9yi
TB 100 Vol. 2,Volume,Vol. 2,59,Lola,The Kinks,,https://open.spotify.com/playlist/2ZObbaKW8T0PR4Sfp4R9yi
TB 100 Vol. 2,Volume,Vol. 2,60,Iron Man,Black Sabbath,,https://open.spotify.com/playlist/2ZObbaKW8T0PR4Sfp4R9yi
TB 100 Vol. 2,Volume,Vol. 2,61,Like a Virgin,Madonna,,https://open.spotify.com/playlist/2ZObbaKW8T0PR4Sfp4R9yi
TB 100 Vol. 2,Volume,Vol. 2,62,How Will I Know,Whitney Houston,,https://open.spotify.com/playlist/2ZObbaKW8T0PR4Sfp4R9yi
TB 100 Vol. 2,Volume,Vol. 2,63,Proud Mary,Tina Turner,,https://open.spotify.com/playlist/2ZObbaKW8T0PR4Sfp4R9yi
TB 100 Vol. 2,Volume,Vol. 2,64,Waterloo,ABBA,,https://open.spotify.com/playlist/2ZObbaKW8T0PR4Sfp4R9yi
TB 100 Vol. 2,Volume,Vol. 2,65,Night Fever,Bee Gees,,https://open.spotify.com/playlist/2ZObbaKW8T0PR4Sfp4R9yi
TB 100 Vol. 2,Volume,Vol. 2,66,True Colors,Cyndi Lauper,,https://open.spotify.com/playlist/2ZObbaKW8T0PR4Sfp4R9yi
TB 100 Vol. 2,Volume,Vol. 2,67,Hello,Adele,,https://open.spotify.com/playlist/2ZObbaKW8T0PR4Sfp4R9yi
TB 100 Vol. 2,Volume,Vol. 2,68,You Know I'm No Good,Amy Winehouse,,https://open.spotify.com/playlist/2ZObbaKW8T0PR4Sfp4R9yi
TB 100 Vol. 2,Volume,Vol. 2,69,Wonderful World,Sam Cooke,,https://open.spotify.com/playlist/2ZObbaKW8T0PR4Sfp4R9yi
TB 100 Vol. 2,Volume,Vol. 2,70,Try a Little Tenderness,Otis Redding,,https://open.spotify.com/playlist/2ZObbaKW8T0PR4Sfp4R9yi
TB 100 Vol. 2,Volume,Vol. 2,71,Halo,Beyoncé,,https://open.spotify.com/playlist/2ZObbaKW8T0PR4Sfp4R9yi
TB 100 Vol. 2,Volume,Vol. 2,72,We Found Love,Rihanna,,https://open.spotify.com/playlist/2ZObbaKW8T0PR4Sfp4R9yi
TB 100 Vol. 2,Volume,Vol. 2,73,Shallow,Lady Gaga,,https://open.spotify.com/playlist/2ZObbaKW8T0PR4Sfp4R9yi
TB 100 Vol. 2,Volume,Vol. 2,74,Dark Horse,Katy Perry,,https://open.spotify.com/playlist/2ZObbaKW8T0PR4Sfp4R9yi
TB 100 Vol. 2,Volume,Vol. 2,75,Love Story,Taylor Swift,,https://open.spotify.com/playlist/2ZObbaKW8T0PR4Sfp4R9yi
TB 100 Vol. 2,Volume,Vol. 2,76,Thinking Out Loud,Ed Sheeran,,https://open.spotify.com/playlist/2ZObbaKW8T0PR4Sfp4R9yi
TB 100 Vol. 2,Volume,Vol. 2,77,Locked Out of Heaven,Bruno Mars,,https://open.spotify.com/playlist/2ZObbaKW8T0PR4Sfp4R9yi
TB 100 Vol. 2,Volume,Vol. 2,78,The Hills,The Weeknd,,https://open.spotify.com/playlist/2ZObbaKW8T0PR4Sfp4R9yi
TB 100 Vol. 2,Volume,Vol. 2,79,New Rules,Dua Lipa,,https://open.spotify.com/playlist/2ZObbaKW8T0PR4Sfp4R9yi
TB 100 Vol. 2,Volume,Vol. 2,80,Unstoppable,Sia,,https://open.spotify.com/playlist/2ZObbaKW8T0PR4Sfp4R9yi
TB 100 Vol. 2,Volume,Vol. 2,81,Without Me,Eminem,,https://open.spotify.com/playlist/2ZObbaKW8T0PR4Sfp4R9yi
TB 100 Vol. 2,Volume,Vol. 2,82,Hard Knock Life (Ghetto Anthem),Jay-Z,,https://open.spotify.com/playlist/2ZObbaKW8T0PR4Sfp4R9yi
TB 100 Vol. 2,Volume,Vol. 2,83,Heartless,Kanye West,,https://open.spotify.com/playlist/2ZObbaKW8T0PR4Sfp4R9yi
TB 100 Vol. 2,Volume,Vol. 2,84,Alright,Kendrick Lamar,,https://open.spotify.com/playlist/2ZObbaKW8T0PR4Sfp4R9yi
TB 100 Vol. 2,Volume,Vol. 2,85,One Dance,Drake,,https://open.spotify.com/playlist/2ZObbaKW8T0PR4Sfp4R9yi
TB 100 Vol. 2,Volume,Vol. 2,86,Dear Mama,2Pac,,https://open.spotify.com/playlist/2ZObbaKW8T0PR4Sfp4R9yi
TB 100 Vol. 2,Volume,Vol. 2,87,Hypnotize,The Notorious B.I.G.,,https://open.spotify.com/playlist/2ZObbaKW8T0PR4Sfp4R9yi
TB 100 Vol. 2,Volume,Vol. 2,88,"Young, Wild & Free",Snoop Dogg,,https://open.spotify.com/playlist/2ZObbaKW8T0PR4Sfp4R9yi
TB 100 Vol. 2,Volume,Vol. 2,89,The Next Episode,Dr. Dre,,https://open.spotify.com/playlist/2ZObbaKW8T0PR4Sfp4R9yi
TB 100 Vol. 2,Volume,Vol. 2,90,The Way You Move,OutKast,,https://open.spotify.com/playlist/2ZObbaKW8T0PR4Sfp4R9yi
TB 100 Vol. 2,Volume,Vol. 2,91,Fallin',Alicia Keys,,https://open.spotify.com/playlist/2ZObbaKW8T0PR4Sfp4R9yi
TB 100 Vol. 2,Volume,Vol. 2,92,Conversations in the Dark,John Legend,,https://open.spotify.com/playlist/2ZObbaKW8T0PR4Sfp4R9yi
TB 100 Vol. 2,Volume,Vol. 2,93,Unholy,Sam Smith,,https://open.spotify.com/playlist/2ZObbaKW8T0PR4Sfp4R9yi
TB 100 Vol. 2,Volume,Vol. 2,94,Team,Lorde,,https://open.spotify.com/playlist/2ZObbaKW8T0PR4Sfp4R9yi
TB 100 Vol. 2,Volume,Vol. 2,95,when the party's over,Billie Eilish,,https://open.spotify.com/playlist/2ZObbaKW8T0PR4Sfp4R9yi
TB 100 Vol. 2,Volume,Vol. 2,96,Demons,Imagine Dragons,,https://open.spotify.com/playlist/2ZObbaKW8T0PR4Sfp4R9yi
TB 100 Vol. 2,Volume,Vol. 2,97,Girls Like You,Maroon 5,,https://open.spotify.com/playlist/2ZObbaKW8T0PR4Sfp4R9yi
TB 100 Vol. 2,Volume,Vol. 2,98,Secrets,OneRepublic,,https://open.spotify.com/playlist/2ZObbaKW8T0PR4Sfp4R9yi
TB 100 Vol. 2,Volume,Vol. 2,99,"Harder, Better, Faster, Stronger",Daft Punk,,https://open.spotify.com/playlist/2ZObbaKW8T0PR4Sfp4R9yi
TB 100 Vol. 2,Volume,Vol. 2,100,Oye Como Va,Santana,,https://open.spotify.com/playlist/2ZObbaKW8T0PR4Sfp4R9yi
TB 100 Vol. 3,Volume,Vol. 3,1,We Are the Champions,Queen,,https://open.spotify.com/playlist/3q7KVpqK1r4Tc8OJ1NgOE6
TB 100 Vol. 3,Volume,Vol. 3,2,Come Together,The Beatles,,https://open.spotify.com/playlist/3q7KVpqK1r4Tc8OJ1NgOE6
TB 100 Vol. 3,Volume,Vol. 3,3,Smooth Criminal,Michael Jackson,,https://open.spotify.com/playlist/3q7KVpqK1r4Tc8OJ1NgOE6
TB 100 Vol. 3,Volume,Vol. 3,4,Immigrant Song,Led Zeppelin,,https://open.spotify.com/playlist/3q7KVpqK1r4Tc8OJ1NgOE6
TB 100 Vol. 3,Volume,Vol. 3,5,Lithium,Nirvana,,https://open.spotify.com/playlist/3q7KVpqK1r4Tc8OJ1NgOE6
TB 100 Vol. 3,Volume,Vol. 3,6,Angie,The Rolling Stones,,https://open.spotify.com/playlist/3q7KVpqK1r4Tc8OJ1NgOE6
TB 100 Vol. 3,Volume,Vol. 3,7,Knockin' on Heaven's Door,Bob Dylan,,https://open.spotify.com/playlist/3q7KVpqK1r4Tc8OJ1NgOE6
TB 100 Vol. 3,Volume,Vol. 3,8,Life on Mars?,David Bowie,,https://open.spotify.com/playlist/3q7KVpqK1r4Tc8OJ1NgOE6
TB 100 Vol. 3,Volume,Vol. 3,9,Little Red Corvette,Prince,,https://open.spotify.com/playlist/3q7KVpqK1r4Tc8OJ1NgOE6
TB 100 Vol. 3,Volume,Vol. 3,10,Thunder Road,Bruce Springsteen,,https://open.spotify.com/playlist/3q7KVpqK1r4Tc8OJ1NgOE6
TB 100 Vol. 3,Volume,Vol. 3,11,Sunday Bloody Sunday,U2,,https://open.spotify.com/playlist/3q7KVpqK1r4Tc8OJ1NgOE6
TB 100 Vol. 3,Volume,Vol. 3,12,Money,Pink Floyd,,https://open.spotify.com/playlist/3q7KVpqK1r4Tc8OJ1NgOE6
TB 100 Vol. 3,Volume,Vol. 3,13,Pinball Wizard,The Who,,https://open.spotify.com/playlist/3q7KVpqK1r4Tc8OJ1NgOE6
TB 100 Vol. 3,Volume,Vol. 3,14,You Shook Me All Night Long,AC/DC,,https://open.spotify.com/playlist/3q7KVpqK1r4Tc8OJ1NgOE6
TB 100 Vol. 3,Volume,Vol. 3,15,One,Metallica,,https://open.spotify.com/playlist/3q7KVpqK1r4Tc8OJ1NgOE6
TB 100 Vol. 3,Volume,Vol. 3,16,Paradise City,Guns N' Roses,,https://open.spotify.com/playlist/3q7KVpqK1r4Tc8OJ1NgOE6
TB 100 Vol. 3,Volume,Vol. 3,17,Life in the Fast Lane,Eagles,,https://open.spotify.com/playlist/3q7KVpqK1r4Tc8OJ1NgOE6
TB 100 Vol. 3,Volume,Vol. 3,18,The Chain,Fleetwood Mac,,https://open.spotify.com/playlist/3q7KVpqK1r4Tc8OJ1NgOE6
TB 100 Vol. 3,Volume,Vol. 3,19,"Hello, I Love You",The Doors,,https://open.spotify.com/playlist/3q7KVpqK1r4Tc8OJ1NgOE6
TB 100 Vol. 3,Volume,Vol. 3,20,Voodoo Child (Slight Return),Jimi Hendrix,,https://open.spotify.com/playlist/3q7KVpqK1r4Tc8OJ1NgOE6
TB 100 Vol. 3,Volume,Vol. 3,21,One Love / People Get Ready,Bob Marley,,https://open.spotify.com/playlist/3q7KVpqK1r4Tc8OJ1NgOE6
TB 100 Vol. 3,Volume,Vol. 3,22,Isn't She Lovely,Stevie Wonder,,https://open.spotify.com/playlist/3q7KVpqK1r4Tc8OJ1NgOE6
TB 100 Vol. 3,Volume,Vol. 3,23,I Heard It Through the Grapevine,Marvin Gaye,,https://open.spotify.com/playlist/3q7KVpqK1r4Tc8OJ1NgOE6
TB 100 Vol. 3,Volume,Vol. 3,24,Chain of Fools,Aretha Franklin,,https://open.spotify.com/playlist/3q7KVpqK1r4Tc8OJ1NgOE6
TB 100 Vol. 3,Volume,Vol. 3,25,Bennie and the Jets,Elton John,,https://open.spotify.com/playlist/3q7KVpqK1r4Tc8OJ1NgOE6
TB 100 Vol. 3,Volume,Vol. 3,26,Hound Dog,Elvis Presley,,https://open.spotify.com/playlist/3q7KVpqK1r4Tc8OJ1NgOE6
TB 100 Vol. 3,Volume,Vol. 3,27,I Got a Woman,Ray Charles,,https://open.spotify.com/playlist/3q7KVpqK1r4Tc8OJ1NgOE6
TB 100 Vol. 3,Volume,Vol. 3,28,Sweet Little Sixteen,Chuck Berry,,https://open.spotify.com/playlist/3q7KVpqK1r4Tc8OJ1NgOE6
TB 100 Vol. 3,Volume,Vol. 3,29,California Girls,The Beach Boys,,https://open.spotify.com/playlist/3q7KVpqK1r4Tc8OJ1NgOE6
TB 100 Vol. 3,Volume,Vol. 3,30,The Boxer,Simon & Garfunkel,,https://open.spotify.com/playlist/3q7KVpqK1r4Tc8OJ1NgOE6
TB 100 Vol. 3,Volume,Vol. 3,31,Paranoid Android,Radiohead,,https://open.spotify.com/playlist/3q7KVpqK1r4Tc8OJ1NgOE6
TB 100 Vol. 3,Volume,Vol. 3,32,Live Forever,Oasis,,https://open.spotify.com/playlist/3q7KVpqK1r4Tc8OJ1NgOE6
TB 100 Vol. 3,Volume,Vol. 3,33,Fix You,Coldplay,,https://open.spotify.com/playlist/3q7KVpqK1r4Tc8OJ1NgOE6
TB 100 Vol. 3,Volume,Vol. 3,34,Can't Stop,Red Hot Chili Peppers,,https://open.spotify.com/playlist/3q7KVpqK1r4Tc8OJ1NgOE6
TB 100 Vol. 3,Volume,Vol. 3,35,Don't Stand So Close to Me,The Police,,https://open.spotify.com/playlist/3q7KVpqK1r4Tc8OJ1NgOE6
TB 100 Vol. 3,Volume,Vol. 3,36,It's My Life,Bon Jovi,,https://open.spotify.com/playlist/3q7KVpqK1r4Tc8OJ1NgOE6
TB 100 Vol. 3,Volume,Vol. 3,37,Open Arms,Journey,,https://open.spotify.com/playlist/3q7KVpqK1r4Tc8OJ1NgOE6
TB 100 Vol. 3,Volume,Vol. 3,38,Best of You,Foo Fighters,,https://open.spotify.com/playlist/3q7KVpqK1r4Tc8OJ1NgOE6
TB 100 Vol. 3,Volume,Vol. 3,39,Black,Pearl Jam,,https://open.spotify.com/playlist/3q7KVpqK1r4Tc8OJ1NgOE6
TB 100 Vol. 3,Volume,Vol. 3,40,Wake Me Up When September Ends,Green Day,,https://open.spotify.com/playlist/3q7KVpqK1r4Tc8OJ1NgOE6
TB 100 Vol. 3,Volume,Vol. 3,41,Crawling,Linkin Park,,https://open.spotify.com/playlist/3q7KVpqK1r4Tc8OJ1NgOE6
TB 100 Vol. 3,Volume,Vol. 3,42,Why'd You Only Call Me When You're High?,Arctic Monkeys,,https://open.spotify.com/playlist/3q7KVpqK1r4Tc8OJ1NgOE6
TB 100 Vol. 3,Volume,Vol. 3,43,Human,The Killers,,https://open.spotify.com/playlist/3q7KVpqK1r4Tc8OJ1NgOE6
TB 100 Vol. 3,Volume,Vol. 3,44,Lovesong,The Cure,,https://open.spotify.com/playlist/3q7KVpqK1r4Tc8OJ1NgOE6
TB 100 Vol. 3,Volume,Vol. 3,45,Never Let Me Down Again,Depeche Mode,,https://open.spotify.com/playlist/3q7KVpqK1r4Tc8OJ1NgOE6
TB 100 Vol. 3,Volume,Vol. 3,46,Outshined,Soundgarden,,https://open.spotify.com/playlist/3q7KVpqK1r4Tc8OJ1NgOE6
TB 100 Vol. 3,Volume,Vol. 3,47,Icky Thump,The White Stripes,,https://open.spotify.com/playlist/3q7KVpqK1r4Tc8OJ1NgOE6
TB 100 Vol. 3,Volume,Vol. 3,48,This Must Be the Place (Naive Melody),Talking Heads,,https://open.spotify.com/playlist/3q7KVpqK1r4Tc8OJ1NgOE6
TB 100 Vol. 3,Volume,Vol. 3,49,Parklife,Blur,,https://open.spotify.com/playlist/3q7KVpqK1r4Tc8OJ1NgOE6
TB 100 Vol. 3,Volume,Vol. 3,50,Walk of Life,Dire Straits,,https://open.spotify.com/playlist/3q7KVpqK1r4Tc8OJ1NgOE6
TB 100 Vol. 3,Volume,Vol. 3,51,I Don't Want to Miss a Thing,Aerosmith,,https://open.spotify.com/playlist/3q7KVpqK1r4Tc8OJ1NgOE6
TB 100 Vol. 3,Volume,Vol. 3,52,Shiny Happy People,R.E.M.,,https://open.spotify.com/playlist/3q7KVpqK1r4Tc8OJ1NgOE6
TB 100 Vol. 3,Volume,Vol. 3,53,How Soon Is Now?,The Smiths,,https://open.spotify.com/playlist/3q7KVpqK1r4Tc8OJ1NgOE6
TB 100 Vol. 3,Volume,Vol. 3,54,Starlight,Muse,,https://open.spotify.com/playlist/3q7KVpqK1r4Tc8OJ1NgOE6
TB 100 Vol. 3,Volume,Vol. 3,55,Hot for Teacher,Van Halen,,https://open.spotify.com/playlist/3q7KVpqK1r4Tc8OJ1NgOE6
TB 100 Vol. 3,Volume,Vol. 3,56,I Won't Back Down,Tom Petty and the Heartbreakers,,https://open.spotify.com/playlist/3q7KVpqK1r4Tc8OJ1NgOE6
TB 100 Vol. 3,Volume,Vol. 3,57,Turn the Page,Bob Seger,,https://open.spotify.com/playlist/3q7KVpqK1r4Tc8OJ1NgOE6
TB 100 Vol. 3,Volume,Vol. 3,58,London Calling,The Clash,,https://open.spotify.com/playlist/3q7KVpqK1r4Tc8OJ1NgOE6
TB 100 Vol. 3,Volume,Vol. 3,59,All Day and All of the Night,The Kinks,,https://open.spotify.com/playlist/3q7KVpqK1r4Tc8OJ1NgOE6
TB 100 Vol. 3,Volume,Vol. 3,60,War Pigs,Black Sabbath,,https://open.spotify.com/playlist/3q7KVpqK1r4Tc8OJ1NgOE6
TB 100 Vol. 3,Volume,Vol. 3,61,Material Girl,Madonna,,https://open.spotify.com/playlist/3q7KVpqK1r4Tc8OJ1NgOE6
TB 100 Vol. 3,Volume,Vol. 3,62,Greatest Love of All,Whitney Houston,,https://open.spotify.com/playlist/3q7KVpqK1r4Tc8OJ1NgOE6
TB 100 Vol. 3,Volume,Vol. 3,63,Private Dancer,Tina Turner,,https://open.spotify.com/playlist/3q7KVpqK1r4Tc8OJ1NgOE6
TB 100 Vol. 3,Volume,Vol. 3,64,The Winner Takes It All,ABBA,,https://open.spotify.com/playlist/3q7KVpqK1r4Tc8OJ1NgOE6
TB 100 Vol. 3,Volume,Vol. 3,65,Tragedy,Bee Gees,,https://open.spotify.com/playlist/3q7KVpqK1r4Tc8OJ1NgOE6
TB 100 Vol. 3,Volume,Vol. 3,66,She Bop,Cyndi Lauper,,https://open.spotify.com/playlist/3q7KVpqK1r4Tc8OJ1NgOE6
TB 100 Vol. 3,Volume,Vol. 3,67,Set Fire to the Rain,Adele,,https://open.spotify.com/playlist/3q7KVpqK1r4Tc8OJ1NgOE6
TB 100 Vol. 3,Volume,Vol. 3,68,Tears Dry on Their Own,Amy Winehouse,,https://open.spotify.com/playlist/3q7KVpqK1r4Tc8OJ1NgOE6
TB 100 Vol. 3,Volume,Vol. 3,69,Cupid,Sam Cooke,,https://open.spotify.com/playlist/3q7KVpqK1r4Tc8OJ1NgOE6
TB 100 Vol. 3,Volume,Vol. 3,70,These Arms of Mine,Otis Redding,,https://open.spotify.com/playlist/3q7KVpqK1r4Tc8OJ1NgOE6
TB 100 Vol. 3,Volume,Vol. 3,71,Irreplaceable,Beyoncé,,https://open.spotify.com/playlist/3q7KVpqK1r4Tc8OJ1NgOE6
TB 100 Vol. 3,Volume,Vol. 3,72,Work,Rihanna,,https://open.spotify.com/playlist/3q7KVpqK1r4Tc8OJ1NgOE6
TB 100 Vol. 3,Volume,Vol. 3,73,Just Dance,Lady Gaga,,https://open.spotify.com/playlist/3q7KVpqK1r4Tc8OJ1NgOE6
TB 100 Vol. 3,Volume,Vol. 3,74,California Gurls,Katy Perry,,https://open.spotify.com/playlist/3q7KVpqK1r4Tc8OJ1NgOE6
TB 100 Vol. 3,Volume,Vol. 3,75,Anti-Hero,Taylor Swift,,https://open.spotify.com/playlist/3q7KVpqK1r4Tc8OJ1NgOE6
TB 100 Vol. 3,Volume,Vol. 3,76,Photograph,Ed Sheeran,,https://open.spotify.com/playlist/3q7KVpqK1r4Tc8OJ1NgOE6
TB 100 Vol. 3,Volume,Vol. 3,77,When I Was Your Man,Bruno Mars,,https://open.spotify.com/playlist/3q7KVpqK1r4Tc8OJ1NgOE6
TB 100 Vol. 3,Volume,Vol. 3,78,Save Your Tears,The Weeknd,,https://open.spotify.com/playlist/3q7KVpqK1r4Tc8OJ1NgOE6
TB 100 Vol. 3,Volume,Vol. 3,79,Physical,Dua Lipa,,https://open.spotify.com/playlist/3q7KVpqK1r4Tc8OJ1NgOE6
TB 100 Vol. 3,Volume,Vol. 3,80,Elastic Heart,Sia,,https://open.spotify.com/playlist/3q7KVpqK1r4Tc8OJ1NgOE6
TB 100 Vol. 3,Volume,Vol. 3,81,Love the Way You Lie,Eminem,,https://open.spotify.com/playlist/3q7KVpqK1r4Tc8OJ1NgOE6
TB 100 Vol. 3,Volume,Vol. 3,82,Big Pimpin',Jay-Z,,https://open.spotify.com/playlist/3q7KVpqK1r4Tc8OJ1NgOE6
TB 100 Vol. 3,Volume,Vol. 3,83,Flashing Lights,Kanye West,,https://open.spotify.com/playlist/3q7KVpqK1r4Tc8OJ1NgOE6
TB 100 Vol. 3,Volume,Vol. 3,84,Swimming Pools (Drank),Kendrick Lamar,,https://open.spotify.com/playlist/3q7KVpqK1r4Tc8OJ1NgOE6
TB 100 Vol. 3,Volume,Vol. 3,85,In My Feelings,Drake,,https://open.spotify.com/playlist/3q7KVpqK1r4Tc8OJ1NgOE6
TB 100 Vol. 3,Volume,Vol. 3,86,Hit 'Em Up,2Pac,,https://open.spotify.com/playlist/3q7KVpqK1r4Tc8OJ1NgOE6
TB 100 Vol. 3,Volume,Vol. 3,87,Mo Money Mo Problems,The Notorious B.I.G.,,https://open.spotify.com/playlist/3q7KVpqK1r4Tc8OJ1NgOE6
TB 100 Vol. 3,Volume,Vol. 3,88,Who Am I (What's My Name)?,Snoop Dogg,,https://open.spotify.com/playlist/3q7KVpqK1r4Tc8OJ1NgOE6
TB 100 Vol. 3,Volume,Vol. 3,89,Forgot About Dre,Dr. Dre,,https://open.spotify.com/playlist/3q7KVpqK1r4Tc8OJ1NgOE6
TB 100 Vol. 3,Volume,Vol. 3,90,Roses,OutKast,,https://open.spotify.com/playlist/3q7KVpqK1r4Tc8OJ1NgOE6
TB 100 Vol. 3,Volume,Vol. 3,91,Girl on Fire,Alicia Keys,,https://open.spotify.com/playlist/3q7KVpqK1r4Tc8OJ1NgOE6
TB 100 Vol. 3,Volume,Vol. 3,92,Save Room,John Legend,,https://open.spotify.com/playlist/3q7KVpqK1r4Tc8OJ1NgOE6
TB 100 Vol. 3,Volume,Vol. 3,93,Too Good at Goodbyes,Sam Smith,,https://open.spotify.com/playlist/3q7KVpqK1r4Tc8OJ1NgOE6
TB 100 Vol. 3,Volume,Vol. 3,94,Ribs,Lorde,,https://open.spotify.com/playlist/3q7KVpqK1r4Tc8OJ1NgOE6
TB 100 Vol. 3,Volume,Vol. 3,95,Ocean Eyes,Billie Eilish,,https://open.spotify.com/playlist/3q7KVpqK1r4Tc8OJ1NgOE6
TB 100 Vol. 3,Volume,Vol. 3,96,Thunder,Imagine Dragons,,https://open.spotify.com/playlist/3q7KVpqK1r4Tc8OJ1NgOE6
TB 100 Vol. 3,Volume,Vol. 3,97,She Will Be Loved,Maroon 5,,https://open.spotify.com/playlist/3q7KVpqK1r4Tc8OJ1NgOE6
TB 100 Vol. 3,Volume,Vol. 3,98,Good Life,OneRepublic,,https://open.spotify.com/playlist/3q7KVpqK1r4Tc8OJ1NgOE6
TB 100 Vol. 3,Volume,Vol. 3,99,Around the World,Daft Punk,,https://open.spotify.com/playlist/3q7KVpqK1r4Tc8OJ1NgOE6
TB 100 Vol. 3,Volume,Vol. 3,100,Black Magic Woman,Santana,,https://open.spotify.com/playlist/3q7KVpqK1r4Tc8OJ1NgOE6
TB 100 Vol. 4,Volume,Vol. 4,1,Another One Bites the Dust,Queen,,https://open.spotify.com/playlist/1FZ0NQBVzMOSkTEJUYCVQr
TB 100 Vol. 4,Volume,Vol. 4,2,Yesterday,The Beatles,,https://open.spotify.com/playlist/1FZ0NQBVzMOSkTEJUYCVQr
TB 100 Vol. 4,Volume,Vol. 4,3,Bad,Michael Jackson,,https://open.spotify.com/playlist/1FZ0NQBVzMOSkTEJUYCVQr
TB 100 Vol. 4,Volume,Vol. 4,4,Black Dog,Led Zeppelin,,https://open.spotify.com/playlist/1FZ0NQBVzMOSkTEJUYCVQr
TB 100 Vol. 4,Volume,Vol. 4,5,In Bloom,Nirvana,,https://open.spotify.com/playlist/1FZ0NQBVzMOSkTEJUYCVQr
TB 100 Vol. 4,Volume,Vol. 4,6,Sympathy for the Devil,The Rolling Stones,,https://open.spotify.com/playlist/1FZ0NQBVzMOSkTEJUYCVQr
TB 100 Vol. 4,Volume,Vol. 4,7,Mr. Tambourine Man,Bob Dylan,,https://open.spotify.com/playlist/1FZ0NQBVzMOSkTEJUYCVQr
TB 100 Vol. 4,Volume,Vol. 4,8,Starman,David Bowie,,https://open.spotify.com/playlist/1FZ0NQBVzMOSkTEJUYCVQr
TB 100 Vol. 4,Volume,Vol. 4,9,1999,Prince,,https://open.spotify.com/playlist/1FZ0NQBVzMOSkTEJUYCVQr
TB 100 Vol. 4,Volume,Vol. 4,10,Glory Days,Bruce Springsteen,,https://open.spotify.com/playlist/1FZ0NQBVzMOSkTEJUYCVQr
TB 100 Vol. 4,Volume,Vol. 4,11,Where the Streets Have No Name,U2,,https://open.spotify.com/playlist/1FZ0NQBVzMOSkTEJUYCVQr
TB 100 Vol. 4,Volume,Vol. 4,12,Time,Pink Floyd,,https://open.spotify.com/playlist/1FZ0NQBVzMOSkTEJUYCVQr
TB 100 Vol. 4,Volume,Vol. 4,13,Behind Blue Eyes,The Who,,https://open.spotify.com/playlist/1FZ0NQBVzMOSkTEJUYCVQr
TB 100 Vol. 4,Volume,Vol. 4,14,T.N.T.,AC/DC,,https://open.spotify.com/playlist/1FZ0NQBVzMOSkTEJUYCVQr
TB 100 Vol. 4,Volume,Vol. 4,15,The Unforgiven,Metallica,,https://open.spotify.com/playlist/1FZ0NQBVzMOSkTEJUYCVQr
TB 100 Vol. 4,Volume,Vol. 4,16,Don't Cry,Guns N' Roses,,https://open.spotify.com/playlist/1FZ0NQBVzMOSkTEJUYCVQr
TB 100 Vol. 4,Volume,Vol. 4,17,Take It to the Limit,Eagles,,https://open.spotify.com/playlist/1FZ0NQBVzMOSkTEJUYCVQr
TB 100 Vol. 4,Volume,Vol. 4,18,Rhiannon,Fleetwood Mac,,https://open.spotify.com/playlist/1FZ0NQBVzMOSkTEJUYCVQr
TB 100 Vol. 4,Volume,Vol. 4,19,People Are Strange,The Doors,,https://open.spotify.com/playlist/1FZ0NQBVzMOSkTEJUYCVQr
TB 100 Vol. 4,Volume,Vol. 4,20,Foxey Lady,Jimi Hendrix,,https://open.spotify.com/playlist/1FZ0NQBVzMOSkTEJUYCVQr
TB 100 Vol. 4,Volume,Vol. 4,21,Buffalo Soldier,Bob Marley,,https://open.spotify.com/playlist/1FZ0NQBVzMOSkTEJUYCVQr
TB 100 Vol. 4,Volume,Vol. 4,22,You Are the Sunshine of My Life,Stevie Wonder,,https://open.spotify.com/playlist/1FZ0NQBVzMOSkTEJUYCVQr
TB 100 Vol. 4,Volume,Vol. 4,23,Got to Give It Up,Marvin Gaye,,https://open.spotify.com/playlist/1FZ0NQBVzMOSkTEJUYCVQr
TB 100 Vol. 4,Volume,Vol. 4,24,I Say a Little Prayer,Aretha Franklin,,https://open.spotify.com/playlist/1FZ0NQBVzMOSkTEJUYCVQr
TB 100 Vol. 4,Volume,Vol. 4,25,Goodbye Yellow Brick Road,Elton John,,https://open.spotify.com/playlist/1FZ0NQBVzMOSkTEJUYCVQr
TB 100 Vol. 4,Volume,Vol. 4,26,Love Me Tender,Elvis Presley,,https://open.spotify.com/playlist/1FZ0NQBVzMOSkTEJUYCVQr
TB 100 Vol. 4,Volume,Vol. 4,27,I Can't Stop Loving You,Ray Charles,,https://open.spotify.com/playlist/1FZ0NQBVzMOSkTEJUYCVQr
TB 100 Vol. 4,Volume,Vol. 4,28,You Never Can Tell,Chuck Berry,,https://open.spotify.com/playlist/1FZ0NQBVzMOSkTEJUYCVQr
TB 100 Vol. 4,Volume,Vol. 4,29,Surfin' U.S.A.,The Beach Boys,,https://open.spotify.com/playlist/1FZ0NQBVzMOSkTEJUYCVQr
TB 100 Vol. 4,Volume,Vol. 4,30,Cecilia,Simon & Garfunkel,,https://open.spotify.com/playlist/1FZ0NQBVzMOSkTEJUYCVQr
TB 100 Vol. 4,Volume,Vol. 4,31,Fake Plastic Trees,Radiohead,,https://open.spotify.com/playlist/1FZ0NQBVzMOSkTEJUYCVQr
TB 100 Vol. 4,Volume,Vol. 4,32,Supersonic,Oasis,,https://open.spotify.com/playlist/1FZ0NQBVzMOSkTEJUYCVQr
TB 100 Vol. 4,Volume,Vol. 4,33,Clocks,Coldplay,,https://open.spotify.com/playlist/1FZ0NQBVzMOSkTEJUYCVQr
TB 100 Vol. 4,Volume,Vol. 4,34,By the Way,Red Hot Chili Peppers,,https://open.spotify.com/playlist/1FZ0NQBVzMOSkTEJUYCVQr
TB 100 Vol. 4,Volume,Vol. 4,35,Every Little Thing She Does Is Magic,The Police,,https://open.spotify.com/playlist/1FZ0NQBVzMOSkTEJUYCVQr
TB 100 Vol. 4,Volume,Vol. 4,36,Always,Bon Jovi,,https://open.spotify.com/playlist/1FZ0NQBVzMOSkTEJUYCVQr
TB 100 Vol. 4,Volume,Vol. 4,37,Separate Ways (Worlds Apart),Journey,,https://open.spotify.com/playlist/1FZ0NQBVzMOSkTEJUYCVQr
TB 100 Vol. 4,Volume,Vol. 4,38,My Hero,Foo Fighters,,https://open.spotify.com/playlist/1FZ0NQBVzMOSkTEJUYCVQr
TB 100 Vol. 4,Volume,Vol. 4,39,Better Man,Pearl Jam,,https://open.spotify.com/playlist/1FZ0NQBVzMOSkTEJUYCVQr
TB 100 Vol. 4,Volume,Vol. 4,40,Good Riddance (Time of Your Life),Green Day,,https://open.spotify.com/playlist/1FZ0NQBVzMOSkTEJUYCVQr
TB 100 Vol. 4,Volume,Vol. 4,41,What I've Done,Linkin Park,,https://open.spotify.com/playlist/1FZ0NQBVzMOSkTEJUYCVQr
TB 100 Vol. 4,Volume,Vol. 4,42,I Bet You Look Good on the Dancefloor,Arctic Monkeys,,https://open.spotify.com/playlist/1FZ0NQBVzMOSkTEJUYCVQr
TB 100 Vol. 4,Volume,Vol. 4,43,Read My Mind,The Killers,,https://open.spotify.com/playlist/1FZ0NQBVzMOSkTEJUYCVQr
TB 100 Vol. 4,Volume,Vol. 4,44,Close to Me,The Cure,,https://open.spotify.com/playlist/1FZ0NQBVzMOSkTEJUYCVQr
TB 100 Vol. 4,Volume,Vol. 4,45,Policy of Truth,Depeche Mode,,https://open.spotify.com/playlist/1FZ0NQBVzMOSkTEJUYCVQr
TB 100 Vol. 4,Volume,Vol. 4,46,Rusty Cage,Soundgarden,,https://open.spotify.com/playlist/1FZ0NQBVzMOSkTEJUYCVQr
TB 100 Vol. 4,Volume,Vol. 4,47,Blue Orchid,The White Stripes,,https://open.spotify.com/playlist/1FZ0NQBVzMOSkTEJUYCVQr
TB 100 Vol. 4,Volume,Vol. 4,48,Road to Nowhere,Talking Heads,,https://open.spotify.com/playlist/1FZ0NQBVzMOSkTEJUYCVQr
TB 100 Vol. 4,Volume,Vol. 4,49,The Universal,Blur,,https://open.spotify.com/playlist/1FZ0NQBVzMOSkTEJUYCVQr
TB 100 Vol. 4,Volume,Vol. 4,50,Romeo and Juliet,Dire Straits,,https://open.spotify.com/playlist/1FZ0NQBVzMOSkTEJUYCVQr
TB 100 Vol. 4,Volume,Vol. 4,51,Sweet Emotion,Aerosmith,,https://open.spotify.com/playlist/1FZ0NQBVzMOSkTEJUYCVQr
TB 100 Vol. 4,Volume,Vol. 4,52,Man on the Moon,R.E.M.,,https://open.spotify.com/playlist/1FZ0NQBVzMOSkTEJUYCVQr
TB 100 Vol. 4,Volume,Vol. 4,53,Heaven Knows I'm Miserable Now,The Smiths,,https://open.spotify.com/playlist/1FZ0NQBVzMOSkTEJUYCVQr
TB 100 Vol. 4,Volume,Vol. 4,54,Madness,Muse,,https://open.spotify.com/playlist/1FZ0NQBVzMOSkTEJUYCVQr
TB 100 Vol. 4,Volume,Vol. 4,55,Runnin' with the Devil,Van Halen,,https://open.spotify.com/playlist/1FZ0NQBVzMOSkTEJUYCVQr
TB 100 Vol. 4,Volume,Vol. 4,56,Mary Jane's Last Dance,Tom Petty and the Heartbreakers,,https://open.spotify.com/playlist/1FZ0NQBVzMOSkTEJUYCVQr
TB 100 Vol. 4,Volume,Vol. 4,57,Against the Wind,Bob Seger,,https://open.spotify.com/playlist/1FZ0NQBVzMOSkTEJUYCVQr
TB 100 Vol. 4,Volume,Vol. 4,58,Train in Vain,The Clash,,https://open.spotify.com/playlist/1FZ0NQBVzMOSkTEJUYCVQr
TB 100 Vol. 4,Volume,Vol. 4,59,Waterloo Sunset,The Kinks,,https://open.spotify.com/playlist/1FZ0NQBVzMOSkTEJUYCVQr
TB 100 Vol. 4,Volume,Vol. 4,60,N.I.B.,Black Sabbath,,https://open.spotify.com/playlist/1FZ0NQBVzMOSkTEJUYCVQr
TB 100 Vol. 4,Volume,Vol. 4,61,Hung Up,Madonna,,https://open.spotify.com/playlist/1FZ0NQBVzMOSkTEJUYCVQr
TB 100 Vol. 4,Volume,Vol. 4,62,Saving All My Love for You,Whitney Houston,,https://open.spotify.com/playlist/1FZ0NQBVzMOSkTEJUYCVQr
TB 100 Vol. 4,Volume,Vol. 4,63,We Don't Need Another Hero (Thunderdome),Tina Turner,,https://open.spotify.com/playlist/1FZ0NQBVzMOSkTEJUYCVQr
TB 100 Vol. 4,Volume,Vol. 4,64,Take a Chance on Me,ABBA,,https://open.spotify.com/playlist/1FZ0NQBVzMOSkTEJUYCVQr
TB 100 Vol. 4,Volume,Vol. 4,65,You Should Be Dancing,Bee Gees,,https://open.spotify.com/playlist/1FZ0NQBVzMOSkTEJUYCVQr
TB 100 Vol. 4,Volume,Vol. 4,66,All Through the Night,Cyndi Lauper,,https://open.spotify.com/playlist/1FZ0NQBVzMOSkTEJUYCVQr
TB 100 Vol. 4,Volume,Vol. 4,67,Skyfall,Adele,,https://open.spotify.com/playlist/1FZ0NQBVzMOSkTEJUYCVQr
TB 100 Vol. 4,Volume,Vol. 4,68,Love Is a Losing Game,Amy Winehouse,,https://open.spotify.com/playlist/1FZ0NQBVzMOSkTEJUYCVQr
TB 100 Vol. 4,Volume,Vol. 4,69,Chain Gang,Sam Cooke,,https://open.spotify.com/playlist/1FZ0NQBVzMOSkTEJUYCVQr
TB 100 Vol. 4,Volume,Vol. 4,70,I've Been Loving You Too Long,Otis Redding,,https://open.spotify.com/playlist/1FZ0NQBVzMOSkTEJUYCVQr
TB 100 Vol. 4,Volume,Vol. 4,71,Formation,Beyoncé,,https://open.spotify.com/playlist/1FZ0NQBVzMOSkTEJUYCVQr
TB 100 Vol. 4,Volume,Vol. 4,72,Only Girl (In the World),Rihanna,,https://open.spotify.com/playlist/1FZ0NQBVzMOSkTEJUYCVQr
TB 100 Vol. 4,Volume,Vol. 4,73,Born This Way,Lady Gaga,,https://open.spotify.com/playlist/1FZ0NQBVzMOSkTEJUYCVQr
TB 100 Vol. 4,Volume,Vol. 4,74,I Kissed a Girl,Katy Perry,,https://open.spotify.com/playlist/1FZ0NQBVzMOSkTEJUYCVQr
TB 100 Vol. 4,Volume,Vol. 4,75,You Belong with Me,Taylor Swift,,https://open.spotify.com/playlist/1FZ0NQBVzMOSkTEJUYCVQr
TB 100 Vol. 4,Volume,Vol. 4,76,Castle on the Hill,Ed Sheeran,,https://open.spotify.com/playlist/1FZ0NQBVzMOSkTEJUYCVQr
TB 100 Vol. 4,Volume,Vol. 4,77,That's What I Like,Bruno Mars,,https://open.spotify.com/playlist/1FZ0NQBVzMOSkTEJUYCVQr
TB 100 Vol. 4,Volume,Vol. 4,78,Can't Feel My Face,The Weeknd,,https://open.spotify.com/playlist/1FZ0NQBVzMOSkTEJUYCVQr
TB 100 Vol. 4,Volume,Vol. 4,79,IDGAF,Dua Lipa,,https://open.spotify.com/playlist/1FZ0NQBVzMOSkTEJUYCVQr
TB 100 Vol. 4,Volume,Vol. 4,80,The Greatest,Sia,,https://open.spotify.com/playlist/1FZ0NQBVzMOSkTEJUYCVQr
TB 100 Vol. 4,Volume,Vol. 4,81,Stan,Eminem,,https://open.spotify.com/playlist/1FZ0NQBVzMOSkTEJUYCVQr
TB 100 Vol. 4,Volume,Vol. 4,82,Izzo (H.O.V.A.),Jay-Z,,https://open.spotify.com/playlist/1FZ0NQBVzMOSkTEJUYCVQr
TB 100 Vol. 4,Volume,Vol. 4,83,All of the Lights,Kanye West,,https://open.spotify.com/playlist/1FZ0NQBVzMOSkTEJUYCVQr
TB 100 Vol. 4,Volume,Vol. 4,84,Money Trees,Kendrick Lamar,,https://open.spotify.com/playlist/1FZ0NQBVzMOSkTEJUYCVQr
TB 100 Vol. 4,Volume,Vol. 4,85,Started From the Bottom,Drake,,https://open.spotify.com/playlist/1FZ0NQBVzMOSkTEJUYCVQr
TB 100 Vol. 4,Volume,Vol. 4,86,Ambitionz Az a Ridah,2Pac,,https://open.spotify.com/playlist/1FZ0NQBVzMOSkTEJUYCVQr
TB 100 Vol. 4,Volume,Vol. 4,87,One More Chance,The Notorious B.I.G.,,https://open.spotify.com/playlist/1FZ0NQBVzMOSkTEJUYCVQr
TB 100 Vol. 4,Volume,Vol. 4,88,Beautiful,Snoop Dogg,,https://open.spotify.com/playlist/1FZ0NQBVzMOSkTEJUYCVQr
TB 100 Vol. 4,Volume,Vol. 4,89,Let Me Ride,Dr. Dre,,https://open.spotify.com/playlist/1FZ0NQBVzMOSkTEJUYCVQr
TB 100 Vol. 4,Volume,Vol. 4,90,"So Fresh, So Clean",OutKast,,https://open.spotify.com/playlist/1FZ0NQBVzMOSkTEJUYCVQr
TB 100 Vol. 4,Volume,Vol. 4,91,Diary,Alicia Keys,,https://open.spotify.com/playlist/1FZ0NQBVzMOSkTEJUYCVQr
TB 100 Vol. 4,Volume,Vol. 4,92,Used to Love U,John Legend,,https://open.spotify.com/playlist/1FZ0NQBVzMOSkTEJUYCVQr
TB 100 Vol. 4,Volume,Vol. 4,93,Money on My Mind,Sam Smith,,https://open.spotify.com/playlist/1FZ0NQBVzMOSkTEJUYCVQr
TB 100 Vol. 4,Volume,Vol. 4,94,Solar Power,Lorde,,https://open.spotify.com/playlist/1FZ0NQBVzMOSkTEJUYCVQr
TB 100 Vol. 4,Volume,Vol. 4,95,Lovely,Billie Eilish,,https://open.spotify.com/playlist/1FZ0NQBVzMOSkTEJUYCVQr
TB 100 Vol. 4,Volume,Vol. 4,96,It's Time,Imagine Dragons,,https://open.spotify.com/playlist/1FZ0NQBVzMOSkTEJUYCVQr
TB 100 Vol. 4,Volume,Vol. 4,97,Moves Like Jagger,Maroon 5,,https://open.spotify.com/playlist/1FZ0NQBVzMOSkTEJUYCVQr
TB 100 Vol. 4,Volume,Vol. 4,98,I Ain't Worried,OneRepublic,,https://open.spotify.com/playlist/1FZ0NQBVzMOSkTEJUYCVQr
TB 100 Vol. 4,Volume,Vol. 4,99,Instant Crush,Daft Punk,,https://open.spotify.com/playlist/1FZ0NQBVzMOSkTEJUYCVQr
TB 100 Vol. 4,Volume,Vol. 4,100,Corazón Espinado,Santana,,https://open.spotify.com/playlist/1FZ0NQBVzMOSkTEJUYCVQr
TB 100 Vol. 5,Volume,Vol. 5,1,Somebody to Love,Queen,,https://open.spotify.com/playlist/4jnPiKbI85t5J7jQKZGGNb
TB 100 Vol. 5,Volume,Vol. 5,2,Help!,The Beatles,,https://open.spotify.com/playlist/4jnPiKbI85t5J7jQKZGGNb
TB 100 Vol. 5,Volume,Vol. 5,3,Black or White,Michael Jackson,,https://open.spotify.com/playlist/4jnPiKbI85t5J7jQKZGGNb
TB 100 Vol. 5,Volume,Vol. 5,4,Rock and Roll,Led Zeppelin,,https://open.spotify.com/playlist/4jnPiKbI85t5J7jQKZGGNb
TB 100 Vol. 5,Volume,Vol. 5,5,All Apologies,Nirvana,,https://open.spotify.com/playlist/4jnPiKbI85t5J7jQKZGGNb
TB 100 Vol. 5,Volume,Vol. 5,6,Start Me Up,The Rolling Stones,,https://open.spotify.com/playlist/4jnPiKbI85t5J7jQKZGGNb
TB 100 Vol. 5,Volume,Vol. 5,7,Tangled Up in Blue,Bob Dylan,,https://open.spotify.com/playlist/4jnPiKbI85t5J7jQKZGGNb
TB 100 Vol. 5,Volume,Vol. 5,8,Changes,David Bowie,,https://open.spotify.com/playlist/4jnPiKbI85t5J7jQKZGGNb
TB 100 Vol. 5,Volume,Vol. 5,9,Raspberry Beret,Prince,,https://open.spotify.com/playlist/4jnPiKbI85t5J7jQKZGGNb
TB 100 Vol. 5,Volume,Vol. 5,10,Hungry Heart,Bruce Springsteen,,https://open.spotify.com/playlist/4jnPiKbI85t5J7jQKZGGNb
TB 100 Vol. 5,Volume,Vol. 5,11,I Still Haven't Found What I'm Looking For,U2,,https://open.spotify.com/playlist/4jnPiKbI85t5J7jQKZGGNb
TB 100 Vol. 5,Volume,Vol. 5,12,Shine On You Crazy Diamond,Pink Floyd,,https://open.spotify.com/playlist/4jnPiKbI85t5J7jQKZGGNb
TB 100 Vol. 5,Volume,Vol. 5,13,Who Are You,The Who,,https://open.spotify.com/playlist/4jnPiKbI85t5J7jQKZGGNb
TB 100 Vol. 5,Volume,Vol. 5,14,Hells Bells,AC/DC,,https://open.spotify.com/playlist/4jnPiKbI85t5J7jQKZGGNb
TB 100 Vol. 5,Volume,Vol. 5,15,Fade to Black,Metallica,,https://open.spotify.com/playlist/4jnPiKbI85t5J7jQKZGGNb
TB 100 Vol. 5,Volume,Vol. 5,16,Patience,Guns N' Roses,,https://open.spotify.com/playlist/4jnPiKbI85t5J7jQKZGGNb
TB 100 Vol. 5,Volume,Vol. 5,17,One of These Nights,Eagles,,https://open.spotify.com/playlist/4jnPiKbI85t5J7jQKZGGNb
TB 100 Vol. 5,Volume,Vol. 5,18,Everywhere,Fleetwood Mac,,https://open.spotify.com/playlist/4jnPiKbI85t5J7jQKZGGNb
TB 100 Vol. 5,Volume,Vol. 5,19,L.A. Woman,The Doors,,https://open.spotify.com/playlist/4jnPiKbI85t5J7jQKZGGNb
TB 100 Vol. 5,Volume,Vol. 5,20,The Wind Cries Mary,Jimi Hendrix,,https://open.spotify.com/playlist/4jnPiKbI85t5J7jQKZGGNb
TB 100 Vol. 5,Volume,Vol. 5,21,Is This Love,Bob Marley,,https://open.spotify.com/playlist/4jnPiKbI85t5J7jQKZGGNb
TB 100 Vol. 5,Volume,Vol. 5,22,"Signed, Sealed, Delivered I'm Yours",Stevie Wonder,,https://open.spotify.com/playlist/4jnPiKbI85t5J7jQKZGGNb
TB 100 Vol. 5,Volume,Vol. 5,23,Mercy Mercy Me (The Ecology),Marvin Gaye,,https://open.spotify.com/playlist/4jnPiKbI85t5J7jQKZGGNb
TB 100 Vol. 5,Volume,Vol. 5,24,Rock Steady,Aretha Franklin,,https://open.spotify.com/playlist/4jnPiKbI85t5J7jQKZGGNb
TB 100 Vol. 5,Volume,Vol. 5,25,Crocodile Rock,Elton John,,https://open.spotify.com/playlist/4jnPiKbI85t5J7jQKZGGNb
TB 100 Vol. 5,Volume,Vol. 5,26,Heartbreak Hotel,Elvis Presley,,https://open.spotify.com/playlist/4jnPiKbI85t5J7jQKZGGNb
TB 100 Vol. 5,Volume,Vol. 5,27,Unchain My Heart,Ray Charles,,https://open.spotify.com/playlist/4jnPiKbI85t5J7jQKZGGNb
TB 100 Vol. 5,Volume,Vol. 5,28,Rock and Roll Music,Chuck Berry,,https://open.spotify.com/playlist/4jnPiKbI85t5J7jQKZGGNb
TB 100 Vol. 5,Volume,Vol. 5,29,I Get Around,The Beach Boys,,https://open.spotify.com/playlist/4jnPiKbI85t5J7jQKZGGNb
TB 100 Vol. 5,Volume,Vol. 5,30,Scarborough Fair/Canticle,Simon & Garfunkel,,https://open.spotify.com/playlist/4jnPiKbI85t5J7jQKZGGNb
TB 100 Vol. 5,Volume,Vol. 5,31,High and Dry,Radiohead,,https://open.spotify.com/playlist/4jnPiKbI85t5J7jQKZGGNb
TB 100 Vol. 5,Volume,Vol. 5,32,Some Might Say,Oasis,,https://open.spotify.com/playlist/4jnPiKbI85t5J7jQKZGGNb
TB 100 Vol. 5,Volume,Vol. 5,33,Paradise,Coldplay,,https://open.spotify.com/playlist/4jnPiKbI85t5J7jQKZGGNb
TB 100 Vol. 5,Volume,Vol. 5,34,Otherside,Red Hot Chili Peppers,,https://open.spotify.com/playlist/4jnPiKbI85t5J7jQKZGGNb
TB 100 Vol. 5,Volume,Vol. 5,35,Walking on the Moon,The Police,,https://open.spotify.com/playlist/4jnPiKbI85t5J7jQKZGGNb
TB 100 Vol. 5,Volume,Vol. 5,36,Bad Medicine,Bon Jovi,,https://open.spotify.com/playlist/4jnPiKbI85t5J7jQKZGGNb
TB 100 Vol. 5,Volume,Vol. 5,37,Wheel in the Sky,Journey,,https://open.spotify.com/playlist/4jnPiKbI85t5J7jQKZGGNb
TB 100 Vol. 5,Volume,Vol. 5,38,Times Like These,Foo Fighters,,https://open.spotify.com/playlist/4jnPiKbI85t5J7jQKZGGNb
TB 100 Vol. 5,Volume,Vol. 5,39,Daughter,Pearl Jam,,https://open.spotify.com/playlist/4jnPiKbI85t5J7jQKZGGNb
TB 100 Vol. 5,Volume,Vol. 5,40,When I Come Around,Green Day,,https://open.spotify.com/playlist/4jnPiKbI85t5J7jQKZGGNb
TB 100 Vol. 5,Volume,Vol. 5,41,One Step Closer,Linkin Park,,https://open.spotify.com/playlist/4jnPiKbI85t5J7jQKZGGNb
TB 100 Vol. 5,Volume,Vol. 5,42,Fluorescent Adolescent,Arctic Monkeys,,https://open.spotify.com/playlist/4jnPiKbI85t5J7jQKZGGNb
TB 100 Vol. 5,Volume,Vol. 5,43,All These Things That I've Done,The Killers,,https://open.spotify.com/playlist/4jnPiKbI85t5J7jQKZGGNb
TB 100 Vol. 5,Volume,Vol. 5,44,Lullaby,The Cure,,https://open.spotify.com/playlist/4jnPiKbI85t5J7jQKZGGNb
TB 100 Vol. 5,Volume,Vol. 5,45,People Are People,Depeche Mode,,https://open.spotify.com/playlist/4jnPiKbI85t5J7jQKZGGNb
TB 100 Vol. 5,Volume,Vol. 5,46,Burden in My Hand,Soundgarden,,https://open.spotify.com/playlist/4jnPiKbI85t5J7jQKZGGNb
TB 100 Vol. 5,Volume,Vol. 5,47,Hotel Yorba,The White Stripes,,https://open.spotify.com/playlist/4jnPiKbI85t5J7jQKZGGNb
TB 100 Vol. 5,Volume,Vol. 5,48,And She Was,Talking Heads,,https://open.spotify.com/playlist/4jnPiKbI85t5J7jQKZGGNb
TB 100 Vol. 5,Volume,Vol. 5,49,Country House,Blur,,https://open.spotify.com/playlist/4jnPiKbI85t5J7jQKZGGNb
TB 100 Vol. 5,Volume,Vol. 5,50,So Far Away,Dire Straits,,https://open.spotify.com/playlist/4jnPiKbI85t5J7jQKZGGNb
TB 100 Vol. 5,Volume,Vol. 5,51,Cryin',Aerosmith,,https://open.spotify.com/playlist/4jnPiKbI85t5J7jQKZGGNb
TB 100 Vol. 5,Volume,Vol. 5,52,The One I Love,R.E.M.,,https://open.spotify.com/playlist/4jnPiKbI85t5J7jQKZGGNb
TB 100 Vol. 5,Volume,Vol. 5,53,Bigmouth Strikes Again,The Smiths,,https://open.spotify.com/playlist/4jnPiKbI85t5J7jQKZGGNb
TB 100 Vol. 5,Volume,Vol. 5,54,Hysteria,Muse,,https://open.spotify.com/playlist/4jnPiKbI85t5J7jQKZGGNb
TB 100 Vol. 5,Volume,Vol. 5,55,Ain't Talkin' 'bout Love,Van Halen,,https://open.spotify.com/playlist/4jnPiKbI85t5J7jQKZGGNb
TB 100 Vol. 5,Volume,Vol. 5,56,Refugee,Tom Petty and the Heartbreakers,,https://open.spotify.com/playlist/4jnPiKbI85t5J7jQKZGGNb
TB 100 Vol. 5,Volume,Vol. 5,57,Hollywood Nights,Bob Seger,,https://open.spotify.com/playlist/4jnPiKbI85t5J7jQKZGGNb
TB 100 Vol. 5,Volume,Vol. 5,58,I Fought the Law,The Clash,,https://open.spotify.com/playlist/4jnPiKbI85t5J7jQKZGGNb
TB 100 Vol. 5,Volume,Vol. 5,59,Sunny Afternoon,The Kinks,,https://open.spotify.com/playlist/4jnPiKbI85t5J7jQKZGGNb
TB 100 Vol. 5,Volume,Vol. 5,60,Children of the Grave,Black Sabbath,,https://open.spotify.com/playlist/4jnPiKbI85t5J7jQKZGGNb
TB 100 Vol. 5,Volume,Vol. 5,61,Papa Don't Preach,Madonna,,https://open.spotify.com/playlist/4jnPiKbI85t5J7jQKZGGNb
TB 100 Vol. 5,Volume,Vol. 5,62,I'm Every Woman,Whitney Houston,,https://open.spotify.com/playlist/4jnPiKbI85t5J7jQKZGGNb
TB 100 Vol. 5,Volume,Vol. 5,63,Nutbush City Limits,Tina Turner,,https://open.spotify.com/playlist/4jnPiKbI85t5J7jQKZGGNb
TB 100 Vol. 5,Volume,Vol. 5,64,"Money, Money, Money",ABBA,,https://open.spotify.com/playlist/4jnPiKbI85t5J7jQKZGGNb
TB 100 Vol. 5,Volume,Vol. 5,65,More Than a Woman,Bee Gees,,https://open.spotify.com/playlist/4jnPiKbI85t5J7jQKZGGNb
TB 100 Vol. 5,Volume,Vol. 5,66,Change of Heart,Cyndi Lauper,,https://open.spotify.com/playlist/4jnPiKbI85t5J7jQKZGGNb
TB 100 Vol. 5,Volume,Vol. 5,67,Easy on Me,Adele,,https://open.spotify.com/playlist/4jnPiKbI85t5J7jQKZGGNb
TB 100 Vol. 5,Volume,Vol. 5,68,Stronger Than Me,Amy Winehouse,,https://open.spotify.com/playlist/4jnPiKbI85t5J7jQKZGGNb
TB 100 Vol. 5,Volume,Vol. 5,69,Twistin' the Night Away,Sam Cooke,,https://open.spotify.com/playlist/4jnPiKbI85t5J7jQKZGGNb
TB 100 Vol. 5,Volume,Vol. 5,70,Hard to Handle,Otis Redding,,https://open.spotify.com/playlist/4jnPiKbI85t5J7jQKZGGNb
TB 100 Vol. 5,Volume,Vol. 5,71,Drunk in Love,Beyoncé,,https://open.spotify.com/playlist/4jnPiKbI85t5J7jQKZGGNb
TB 100 Vol. 5,Volume,Vol. 5,72,Don't Stop the Music,Rihanna,,https://open.spotify.com/playlist/4jnPiKbI85t5J7jQKZGGNb
TB 100 Vol. 5,Volume,Vol. 5,73,Paparazzi,Lady Gaga,,https://open.spotify.com/playlist/4jnPiKbI85t5J7jQKZGGNb
TB 100 Vol. 5,Volume,Vol. 5,74,Teenage Dream,Katy Perry,,https://open.spotify.com/playlist/4jnPiKbI85t5J7jQKZGGNb
TB 100 Vol. 5,Volume,Vol. 5,75,Cruel Summer,Taylor Swift,,https://open.spotify.com/playlist/4jnPiKbI85t5J7jQKZGGNb
TB 100 Vol. 5,Volume,Vol. 5,76,The A Team,Ed Sheeran,,https://open.spotify.com/playlist/4jnPiKbI85t5J7jQKZGGNb
TB 100 Vol. 5,Volume,Vol. 5,77,24K Magic,Bruno Mars,,https://open.spotify.com/playlist/4jnPiKbI85t5J7jQKZGGNb
TB 100 Vol. 5,Volume,Vol. 5,78,Die for You,The Weeknd,,https://open.spotify.com/playlist/4jnPiKbI85t5J7jQKZGGNb
TB 100 Vol. 5,Volume,Vol. 5,79,Break My Heart,Dua Lipa,,https://open.spotify.com/playlist/4jnPiKbI85t5J7jQKZGGNb
TB 100 Vol. 5,Volume,Vol. 5,80,Snowman,Sia,,https://open.spotify.com/playlist/4jnPiKbI85t5J7jQKZGGNb
TB 100 Vol. 5,Volume,Vol. 5,81,Rap God,Eminem,,https://open.spotify.com/playlist/4jnPiKbI85t5J7jQKZGGNb
TB 100 Vol. 5,Volume,Vol. 5,82,Run This Town,Jay-Z,,https://open.spotify.com/playlist/4jnPiKbI85t5J7jQKZGGNb
TB 100 Vol. 5,Volume,Vol. 5,83,Power,Kanye West,,https://open.spotify.com/playlist/4jnPiKbI85t5J7jQKZGGNb
TB 100 Vol. 5,Volume,Vol. 5,84,King Kunta,Kendrick Lamar,,https://open.spotify.com/playlist/4jnPiKbI85t5J7jQKZGGNb
TB 100 Vol. 5,Volume,Vol. 5,85,"Hold On, We're Going Home",Drake,,https://open.spotify.com/playlist/4jnPiKbI85t5J7jQKZGGNb
TB 100 Vol. 5,Volume,Vol. 5,86,I Ain't Mad at Cha,2Pac,,https://open.spotify.com/playlist/4jnPiKbI85t5J7jQKZGGNb
TB 100 Vol. 5,Volume,Vol. 5,87,Going Back to Cali,The Notorious B.I.G.,,https://open.spotify.com/playlist/4jnPiKbI85t5J7jQKZGGNb
TB 100 Vol. 5,Volume,Vol. 5,88,Sensual Seduction,Snoop Dogg,,https://open.spotify.com/playlist/4jnPiKbI85t5J7jQKZGGNb
TB 100 Vol. 5,Volume,Vol. 5,89,Keep Their Heads Ringin',Dr. Dre,,https://open.spotify.com/playlist/4jnPiKbI85t5J7jQKZGGNb
TB 100 Vol. 5,Volume,Vol. 5,90,B.O.B. (Bombs Over Baghdad),OutKast,,https://open.spotify.com/playlist/4jnPiKbI85t5J7jQKZGGNb
TB 100 Vol. 5,Volume,Vol. 5,91,You Don't Know My Name,Alicia Keys,,https://open.spotify.com/playlist/4jnPiKbI85t5J7jQKZGGNb
TB 100 Vol. 5,Volume,Vol. 5,92,Tonight (Best You Ever Had),John Legend,,https://open.spotify.com/playlist/4jnPiKbI85t5J7jQKZGGNb
TB 100 Vol. 5,Volume,Vol. 5,93,Lay Me Down,Sam Smith,,https://open.spotify.com/playlist/4jnPiKbI85t5J7jQKZGGNb
TB 100 Vol. 5,Volume,Vol. 5,94,Tennis Court,Lorde,,https://open.spotify.com/playlist/4jnPiKbI85t5J7jQKZGGNb
TB 100 Vol. 5,Volume,Vol. 5,95,Birds of a Feather,Billie Eilish,,https://open.spotify.com/playlist/4jnPiKbI85t5J7jQKZGGNb
TB 100 Vol. 5,Volume,Vol. 5,96,On Top of the World,Imagine Dragons,,https://open.spotify.com/playlist/4jnPiKbI85t5J7jQKZGGNb
TB 100 Vol. 5,Volume,Vol. 5,97,Payphone,Maroon 5,,https://open.spotify.com/playlist/4jnPiKbI85t5J7jQKZGGNb
TB 100 Vol. 5,Volume,Vol. 5,98,If I Lose Myself,OneRepublic,,https://open.spotify.com/playlist/4jnPiKbI85t5J7jQKZGGNb
TB 100 Vol. 5,Volume,Vol. 5,99,Da Funk,Daft Punk,,https://open.spotify.com/playlist/4jnPiKbI85t5J7jQKZGGNb
TB 100 Vol. 5,Volume,Vol. 5,100,Europa (Earth's Cry Heaven's Smile),Santana,,https://open.spotify.com/playlist/4jnPiKbI85t5J7jQKZGGNb
TB 100 Vol. 6,Volume,Vol. 6,1,Killer Queen,Queen,,https://open.spotify.com/playlist/7dvf1rqlbzXxOR3CQ5haVv
TB 100 Vol. 6,Volume,Vol. 6,2,I Want to Hold Your Hand,The Beatles,,https://open.spotify.com/playlist/7dvf1rqlbzXxOR3CQ5haVv
TB 100 Vol. 6,Volume,Vol. 6,3,Man in the Mirror,Michael Jackson,,https://open.spotify.com/playlist/7dvf1rqlbzXxOR3CQ5haVv
TB 100 Vol. 6,Volume,Vol. 6,4,Ramble On,Led Zeppelin,,https://open.spotify.com/playlist/7dvf1rqlbzXxOR3CQ5haVv
TB 100 Vol. 6,Volume,Vol. 6,5,About a Girl,Nirvana,,https://open.spotify.com/playlist/7dvf1rqlbzXxOR3CQ5haVv
TB 100 Vol. 6,Volume,Vol. 6,6,Brown Sugar,The Rolling Stones,,https://open.spotify.com/playlist/7dvf1rqlbzXxOR3CQ5haVv
TB 100 Vol. 6,Volume,Vol. 6,7,Hurricane,Bob Dylan,,https://open.spotify.com/playlist/7dvf1rqlbzXxOR3CQ5haVv
TB 100 Vol. 6,Volume,Vol. 6,8,Ziggy Stardust,David Bowie,,https://open.spotify.com/playlist/7dvf1rqlbzXxOR3CQ5haVv
TB 100 Vol. 6,Volume,Vol. 6,9,Let's Go Crazy,Prince,,https://open.spotify.com/playlist/7dvf1rqlbzXxOR3CQ5haVv
TB 100 Vol. 6,Volume,Vol. 6,10,I'm on Fire,Bruce Springsteen,,https://open.spotify.com/playlist/7dvf1rqlbzXxOR3CQ5haVv
TB 100 Vol. 6,Volume,Vol. 6,11,Pride (In the Name of Love),U2,,https://open.spotify.com/playlist/7dvf1rqlbzXxOR3CQ5haVv
TB 100 Vol. 6,Volume,Vol. 6,12,Hey You,Pink Floyd,,https://open.spotify.com/playlist/7dvf1rqlbzXxOR3CQ5haVv
TB 100 Vol. 6,Volume,Vol. 6,13,Magic Bus,The Who,,https://open.spotify.com/playlist/7dvf1rqlbzXxOR3CQ5haVv
TB 100 Vol. 6,Volume,Vol. 6,14,Dirty Deeds Done Dirt Cheap,AC/DC,,https://open.spotify.com/playlist/7dvf1rqlbzXxOR3CQ5haVv
TB 100 Vol. 6,Volume,Vol. 6,15,For Whom the Bell Tolls,Metallica,,https://open.spotify.com/playlist/7dvf1rqlbzXxOR3CQ5haVv
TB 100 Vol. 6,Volume,Vol. 6,16,Estranged,Guns N' Roses,,https://open.spotify.com/playlist/7dvf1rqlbzXxOR3CQ5haVv
TB 100 Vol. 6,Volume,Vol. 6,17,Lyin' Eyes,Eagles,,https://open.spotify.com/playlist/7dvf1rqlbzXxOR3CQ5haVv
TB 100 Vol. 6,Volume,Vol. 6,18,Little Lies,Fleetwood Mac,,https://open.spotify.com/playlist/7dvf1rqlbzXxOR3CQ5haVv
TB 100 Vol. 6,Volume,Vol. 6,19,Love Her Madly,The Doors,,https://open.spotify.com/playlist/7dvf1rqlbzXxOR3CQ5haVv
TB 100 Vol. 6,Volume,Vol. 6,20,Little Wing,Jimi Hendrix,,https://open.spotify.com/playlist/7dvf1rqlbzXxOR3CQ5haVv
TB 100 Vol. 6,Volume,Vol. 6,21,Could You Be Loved,Bob Marley,,https://open.spotify.com/playlist/7dvf1rqlbzXxOR3CQ5haVv
TB 100 Vol. 6,Volume,Vol. 6,22,Higher Ground,Stevie Wonder,,https://open.spotify.com/playlist/7dvf1rqlbzXxOR3CQ5haVv
TB 100 Vol. 6,Volume,Vol. 6,23,How Sweet It Is (To Be Loved by You),Marvin Gaye,,https://open.spotify.com/playlist/7dvf1rqlbzXxOR3CQ5haVv
TB 100 Vol. 6,Volume,Vol. 6,24,Freeway of Love,Aretha Franklin,,https://open.spotify.com/playlist/7dvf1rqlbzXxOR3CQ5haVv
TB 100 Vol. 6,Volume,Vol. 6,25,Candle in the Wind,Elton John,,https://open.spotify.com/playlist/7dvf1rqlbzXxOR3CQ5haVv
TB 100 Vol. 6,Volume,Vol. 6,26,Are You Lonesome Tonight?,Elvis Presley,,https://open.spotify.com/playlist/7dvf1rqlbzXxOR3CQ5haVv
TB 100 Vol. 6,Volume,Vol. 6,27,You Don't Know Me,Ray Charles,,https://open.spotify.com/playlist/7dvf1rqlbzXxOR3CQ5haVv
TB 100 Vol. 6,Volume,Vol. 6,28,No Particular Place to Go,Chuck Berry,,https://open.spotify.com/playlist/7dvf1rqlbzXxOR3CQ5haVv
TB 100 Vol. 6,Volume,Vol. 6,29,Kokomo,The Beach Boys,,https://open.spotify.com/playlist/7dvf1rqlbzXxOR3CQ5haVv
TB 100 Vol. 6,Volume,Vol. 6,30,Homeward Bound,Simon & Garfunkel,,https://open.spotify.com/playlist/7dvf1rqlbzXxOR3CQ5haVv
TB 100 Vol. 6,Volume,Vol. 6,31,Just,Radiohead,,https://open.spotify.com/playlist/7dvf1rqlbzXxOR3CQ5haVv
TB 100 Vol. 6,Volume,Vol. 6,32,Stand By Me,Oasis,,https://open.spotify.com/playlist/7dvf1rqlbzXxOR3CQ5haVv
TB 100 Vol. 6,Volume,Vol. 6,33,A Sky Full of Stars,Coldplay,,https://open.spotify.com/playlist/7dvf1rqlbzXxOR3CQ5haVv
TB 100 Vol. 6,Volume,Vol. 6,34,Snow (Hey Oh),Red Hot Chili Peppers,,https://open.spotify.com/playlist/7dvf1rqlbzXxOR3CQ5haVv
TB 100 Vol. 6,Volume,Vol. 6,35,King of Pain,The Police,,https://open.spotify.com/playlist/7dvf1rqlbzXxOR3CQ5haVv
TB 100 Vol. 6,Volume,Vol. 6,36,Bed of Roses,Bon Jovi,,https://open.spotify.com/playlist/7dvf1rqlbzXxOR3CQ5haVv
TB 100 Vol. 6,Volume,Vol. 6,37,Lights,Journey,,https://open.spotify.com/playlist/7dvf1rqlbzXxOR3CQ5haVv
TB 100 Vol. 6,Volume,Vol. 6,38,Monkey Wrench,Foo Fighters,,https://open.spotify.com/playlist/7dvf1rqlbzXxOR3CQ5haVv
TB 100 Vol. 6,Volume,Vol. 6,39,Yellow Ledbetter,Pearl Jam,,https://open.spotify.com/playlist/7dvf1rqlbzXxOR3CQ5haVv
TB 100 Vol. 6,Volume,Vol. 6,40,Holiday,Green Day,,https://open.spotify.com/playlist/7dvf1rqlbzXxOR3CQ5haVv
TB 100 Vol. 6,Volume,Vol. 6,41,Breaking the Habit,Linkin Park,,https://open.spotify.com/playlist/7dvf1rqlbzXxOR3CQ5haVv
TB 100 Vol. 6,Volume,Vol. 6,42,Arabella,Arctic Monkeys,,https://open.spotify.com/playlist/7dvf1rqlbzXxOR3CQ5haVv
TB 100 Vol. 6,Volume,Vol. 6,43,Smile Like You Mean It,The Killers,,https://open.spotify.com/playlist/7dvf1rqlbzXxOR3CQ5haVv
TB 100 Vol. 6,Volume,Vol. 6,44,In Between Days,The Cure,,https://open.spotify.com/playlist/7dvf1rqlbzXxOR3CQ5haVv
TB 100 Vol. 6,Volume,Vol. 6,45,Strangelove,Depeche Mode,,https://open.spotify.com/playlist/7dvf1rqlbzXxOR3CQ5haVv
TB 100 Vol. 6,Volume,Vol. 6,46,The Day I Tried to Live,Soundgarden,,https://open.spotify.com/playlist/7dvf1rqlbzXxOR3CQ5haVv
TB 100 Vol. 6,Volume,Vol. 6,47,Dead Leaves and the Dirty Ground,The White Stripes,,https://open.spotify.com/playlist/7dvf1rqlbzXxOR3CQ5haVv
TB 100 Vol. 6,Volume,Vol. 6,48,Take Me to the River,Talking Heads,,https://open.spotify.com/playlist/7dvf1rqlbzXxOR3CQ5haVv
TB 100 Vol. 6,Volume,Vol. 6,49,Tender,Blur,,https://open.spotify.com/playlist/7dvf1rqlbzXxOR3CQ5haVv
TB 100 Vol. 6,Volume,Vol. 6,50,Private Investigations,Dire Straits,,https://open.spotify.com/playlist/7dvf1rqlbzXxOR3CQ5haVv
TB 100 Vol. 6,Volume,Vol. 6,51,Crazy,Aerosmith,,https://open.spotify.com/playlist/7dvf1rqlbzXxOR3CQ5haVv
TB 100 Vol. 6,Volume,Vol. 6,52,Imitation of Life,R.E.M.,,https://open.spotify.com/playlist/7dvf1rqlbzXxOR3CQ5haVv
TB 100 Vol. 6,Volume,Vol. 6,53,Panic,The Smiths,,https://open.spotify.com/playlist/7dvf1rqlbzXxOR3CQ5haVv
TB 100 Vol. 6,Volume,Vol. 6,54,Knights of Cydonia,Muse,,https://open.spotify.com/playlist/7dvf1rqlbzXxOR3CQ5haVv
TB 100 Vol. 6,Volume,Vol. 6,55,Why Can't This Be Love,Van Halen,,https://open.spotify.com/playlist/7dvf1rqlbzXxOR3CQ5haVv
TB 100 Vol. 6,Volume,Vol. 6,56,Learning to Fly,Tom Petty and the Heartbreakers,,https://open.spotify.com/playlist/7dvf1rqlbzXxOR3CQ5haVv
TB 100 Vol. 6,Volume,Vol. 6,57,Still the Same,Bob Seger,,https://open.spotify.com/playlist/7dvf1rqlbzXxOR3CQ5haVv
TB 100 Vol. 6,Volume,Vol. 6,58,White Riot,The Clash,,https://open.spotify.com/playlist/7dvf1rqlbzXxOR3CQ5haVv
TB 100 Vol. 6,Volume,Vol. 6,59,Tired of Waiting for You,The Kinks,,https://open.spotify.com/playlist/7dvf1rqlbzXxOR3CQ5haVv
TB 100 Vol. 6,Volume,Vol. 6,60,Sweet Leaf,Black Sabbath,,https://open.spotify.com/playlist/7dvf1rqlbzXxOR3CQ5haVv
TB 100 Vol. 6,Volume,Vol. 6,61,Express Yourself,Madonna,,https://open.spotify.com/playlist/7dvf1rqlbzXxOR3CQ5haVv
TB 100 Vol. 6,Volume,Vol. 6,62,I Have Nothing,Whitney Houston,,https://open.spotify.com/playlist/7dvf1rqlbzXxOR3CQ5haVv
TB 100 Vol. 6,Volume,Vol. 6,63,Better Be Good to Me,Tina Turner,,https://open.spotify.com/playlist/7dvf1rqlbzXxOR3CQ5haVv
TB 100 Vol. 6,Volume,Vol. 6,64,SOS,ABBA,,https://open.spotify.com/playlist/7dvf1rqlbzXxOR3CQ5haVv
TB 100 Vol. 6,Volume,Vol. 6,65,Words,Bee Gees,,https://open.spotify.com/playlist/7dvf1rqlbzXxOR3CQ5haVv
TB 100 Vol. 6,Volume,Vol. 6,66,I Drove All Night,Cyndi Lauper,,https://open.spotify.com/playlist/7dvf1rqlbzXxOR3CQ5haVv
TB 100 Vol. 6,Volume,Vol. 6,67,When We Were Young,Adele,,https://open.spotify.com/playlist/7dvf1rqlbzXxOR3CQ5haVv
TB 100 Vol. 6,Volume,Vol. 6,68,Valerie,Amy Winehouse,,https://open.spotify.com/playlist/7dvf1rqlbzXxOR3CQ5haVv
TB 100 Vol. 6,Volume,Vol. 6,69,Bring It On Home to Me,Sam Cooke,,https://open.spotify.com/playlist/7dvf1rqlbzXxOR3CQ5haVv
TB 100 Vol. 6,Volume,Vol. 6,70,Mr. Pitiful,Otis Redding,,https://open.spotify.com/playlist/7dvf1rqlbzXxOR3CQ5haVv
TB 100 Vol. 6,Volume,Vol. 6,71,Love on Top,Beyoncé,,https://open.spotify.com/playlist/7dvf1rqlbzXxOR3CQ5haVv
TB 100 Vol. 6,Volume,Vol. 6,72,Disturbia,Rihanna,,https://open.spotify.com/playlist/7dvf1rqlbzXxOR3CQ5haVv
TB 100 Vol. 6,Volume,Vol. 6,73,Telephone,Lady Gaga,,https://open.spotify.com/playlist/7dvf1rqlbzXxOR3CQ5haVv
TB 100 Vol. 6,Volume,Vol. 6,74,Hot n Cold,Katy Perry,,https://open.spotify.com/playlist/7dvf1rqlbzXxOR3CQ5haVv
TB 100 Vol. 6,Volume,Vol. 6,75,Look What You Made Me Do,Taylor Swift,,https://open.spotify.com/playlist/7dvf1rqlbzXxOR3CQ5haVv
TB 100 Vol. 6,Volume,Vol. 6,76,Bad Habits,Ed Sheeran,,https://open.spotify.com/playlist/7dvf1rqlbzXxOR3CQ5haVv
TB 100 Vol. 6,Volume,Vol. 6,77,The Lazy Song,Bruno Mars,,https://open.spotify.com/playlist/7dvf1rqlbzXxOR3CQ5haVv
TB 100 Vol. 6,Volume,Vol. 6,78,Earned It,The Weeknd,,https://open.spotify.com/playlist/7dvf1rqlbzXxOR3CQ5haVv
TB 100 Vol. 6,Volume,Vol. 6,79,Houdini,Dua Lipa,,https://open.spotify.com/playlist/7dvf1rqlbzXxOR3CQ5haVv
TB 100 Vol. 6,Volume,Vol. 6,80,Alive,Sia,,https://open.spotify.com/playlist/7dvf1rqlbzXxOR3CQ5haVv
TB 100 Vol. 6,Volume,Vol. 6,81,Not Afraid,Eminem,,https://open.spotify.com/playlist/7dvf1rqlbzXxOR3CQ5haVv
TB 100 Vol. 6,Volume,Vol. 6,82,Dirt Off Your Shoulder,Jay-Z,,https://open.spotify.com/playlist/7dvf1rqlbzXxOR3CQ5haVv
TB 100 Vol. 6,Volume,Vol. 6,83,Jesus Walks,Kanye West,,https://open.spotify.com/playlist/7dvf1rqlbzXxOR3CQ5haVv
TB 100 Vol. 6,Volume,Vol. 6,84,Not Like Us,Kendrick Lamar,,https://open.spotify.com/playlist/7dvf1rqlbzXxOR3CQ5haVv
TB 100 Vol. 6,Volume,Vol. 6,85,Nice for What,Drake,,https://open.spotify.com/playlist/7dvf1rqlbzXxOR3CQ5haVv
TB 100 Vol. 6,Volume,Vol. 6,86,Keep Ya Head Up,2Pac,,https://open.spotify.com/playlist/7dvf1rqlbzXxOR3CQ5haVv
TB 100 Vol. 6,Volume,Vol. 6,87,Notorious Thugs,The Notorious B.I.G.,,https://open.spotify.com/playlist/7dvf1rqlbzXxOR3CQ5haVv
TB 100 Vol. 6,Volume,Vol. 6,88,Signs,Snoop Dogg,,https://open.spotify.com/playlist/7dvf1rqlbzXxOR3CQ5haVv
TB 100 Vol. 6,Volume,Vol. 6,89,I Need a Doctor,Dr. Dre,,https://open.spotify.com/playlist/7dvf1rqlbzXxOR3CQ5haVv
TB 100 Vol. 6,Volume,Vol. 6,90,Rosa Parks,OutKast,,https://open.spotify.com/playlist/7dvf1rqlbzXxOR3CQ5haVv
TB 100 Vol. 6,Volume,Vol. 6,91,Try Sleeping with a Broken Heart,Alicia Keys,,https://open.spotify.com/playlist/7dvf1rqlbzXxOR3CQ5haVv
TB 100 Vol. 6,Volume,Vol. 6,92,Love Me Now,John Legend,,https://open.spotify.com/playlist/7dvf1rqlbzXxOR3CQ5haVv
TB 100 Vol. 6,Volume,Vol. 6,93,Dancing with a Stranger,Sam Smith,,https://open.spotify.com/playlist/7dvf1rqlbzXxOR3CQ5haVv
TB 100 Vol. 6,Volume,Vol. 6,94,Perfect Places,Lorde,,https://open.spotify.com/playlist/7dvf1rqlbzXxOR3CQ5haVv
TB 100 Vol. 6,Volume,Vol. 6,95,Bury a Friend,Billie Eilish,,https://open.spotify.com/playlist/7dvf1rqlbzXxOR3CQ5haVv
TB 100 Vol. 6,Volume,Vol. 6,96,Whatever It Takes,Imagine Dragons,,https://open.spotify.com/playlist/7dvf1rqlbzXxOR3CQ5haVv
TB 100 Vol. 6,Volume,Vol. 6,97,One More Night,Maroon 5,,https://open.spotify.com/playlist/7dvf1rqlbzXxOR3CQ5haVv
TB 100 Vol. 6,Volume,Vol. 6,98,Stop and Stare,OneRepublic,,https://open.spotify.com/playlist/7dvf1rqlbzXxOR3CQ5haVv
TB 100 Vol. 6,Volume,Vol. 6,99,Digital Love,Daft Punk,,https://open.spotify.com/playlist/7dvf1rqlbzXxOR3CQ5haVv
TB 100 Vol. 6,Volume,Vol. 6,100,Evil Ways,Santana,,https://open.spotify.com/playlist/7dvf1rqlbzXxOR3CQ5haVv
TB 100 Vol. 7,Volume,Vol. 7,1,Crazy Little Thing Called Love,Queen,,https://open.spotify.com/playlist/566QLmMG2tsJGZsQmDrBiF
TB 100 Vol. 7,Volume,Vol. 7,2,A Hard Day's Night,The Beatles,,https://open.spotify.com/playlist/566QLmMG2tsJGZsQmDrBiF
TB 100 Vol. 7,Volume,Vol. 7,3,The Way You Make Me Feel,Michael Jackson,,https://open.spotify.com/playlist/566QLmMG2tsJGZsQmDrBiF
TB 100 Vol. 7,Volume,Vol. 7,4,Good Times Bad Times,Led Zeppelin,,https://open.spotify.com/playlist/566QLmMG2tsJGZsQmDrBiF
TB 100 Vol. 7,Volume,Vol. 7,5,Rape Me,Nirvana,,https://open.spotify.com/playlist/566QLmMG2tsJGZsQmDrBiF
TB 100 Vol. 7,Volume,Vol. 7,6,Jumpin' Jack Flash,The Rolling Stones,,https://open.spotify.com/playlist/566QLmMG2tsJGZsQmDrBiF
TB 100 Vol. 7,Volume,Vol. 7,7,Subterranean Homesick Blues,Bob Dylan,,https://open.spotify.com/playlist/566QLmMG2tsJGZsQmDrBiF
TB 100 Vol. 7,Volume,Vol. 7,8,Rebel Rebel,David Bowie,,https://open.spotify.com/playlist/566QLmMG2tsJGZsQmDrBiF
TB 100 Vol. 7,Volume,Vol. 7,9,Cream,Prince,,https://open.spotify.com/playlist/566QLmMG2tsJGZsQmDrBiF
TB 100 Vol. 7,Volume,Vol. 7,10,The River,Bruce Springsteen,,https://open.spotify.com/playlist/566QLmMG2tsJGZsQmDrBiF
TB 100 Vol. 7,Volume,Vol. 7,11,Vertigo,U2,,https://open.spotify.com/playlist/566QLmMG2tsJGZsQmDrBiF
TB 100 Vol. 7,Volume,Vol. 7,12,Us and Them,Pink Floyd,,https://open.spotify.com/playlist/566QLmMG2tsJGZsQmDrBiF
TB 100 Vol. 7,Volume,Vol. 7,13,I Can See for Miles,The Who,,https://open.spotify.com/playlist/566QLmMG2tsJGZsQmDrBiF
TB 100 Vol. 7,Volume,Vol. 7,14,For Those About to Rock (We Salute You),AC/DC,,https://open.spotify.com/playlist/566QLmMG2tsJGZsQmDrBiF
TB 100 Vol. 7,Volume,Vol. 7,15,Seek & Destroy,Metallica,,https://open.spotify.com/playlist/566QLmMG2tsJGZsQmDrBiF
TB 100 Vol. 7,Volume,Vol. 7,16,You Could Be Mine,Guns N' Roses,,https://open.spotify.com/playlist/566QLmMG2tsJGZsQmDrBiF
TB 100 Vol. 7,Volume,Vol. 7,17,Witchy Woman,Eagles,,https://open.spotify.com/playlist/566QLmMG2tsJGZsQmDrBiF
TB 100 Vol. 7,Volume,Vol. 7,18,Don't Stop,Fleetwood Mac,,https://open.spotify.com/playlist/566QLmMG2tsJGZsQmDrBiF
TB 100 Vol. 7,Volume,Vol. 7,19,Touch Me,The Doors,,https://open.spotify.com/playlist/566QLmMG2tsJGZsQmDrBiF
TB 100 Vol. 7,Volume,Vol. 7,20,Fire,Jimi Hendrix,,https://open.spotify.com/playlist/566QLmMG2tsJGZsQmDrBiF
TB 100 Vol. 7,Volume,Vol. 7,21,Jamming,Bob Marley,,https://open.spotify.com/playlist/566QLmMG2tsJGZsQmDrBiF
TB 100 Vol. 7,Volume,Vol. 7,22,My Cherie Amour,Stevie Wonder,,https://open.spotify.com/playlist/566QLmMG2tsJGZsQmDrBiF
TB 100 Vol. 7,Volume,Vol. 7,23,Inner City Blues (Make Me Wanna Holler),Marvin Gaye,,https://open.spotify.com/playlist/566QLmMG2tsJGZsQmDrBiF
TB 100 Vol. 7,Volume,Vol. 7,24,Baby I Love You,Aretha Franklin,,https://open.spotify.com/playlist/566QLmMG2tsJGZsQmDrBiF
TB 100 Vol. 7,Volume,Vol. 7,25,I'm Still Standing,Elton John,,https://open.spotify.com/playlist/566QLmMG2tsJGZsQmDrBiF
TB 100 Vol. 7,Volume,Vol. 7,26,Blue Suede Shoes,Elvis Presley,,https://open.spotify.com/playlist/566QLmMG2tsJGZsQmDrBiF
TB 100 Vol. 7,Volume,Vol. 7,27,Mess Around,Ray Charles,,https://open.spotify.com/playlist/566QLmMG2tsJGZsQmDrBiF
TB 100 Vol. 7,Volume,Vol. 7,28,"Memphis, Tennessee",Chuck Berry,,https://open.spotify.com/playlist/566QLmMG2tsJGZsQmDrBiF
TB 100 Vol. 7,Volume,Vol. 7,29,"Fun, Fun, Fun",The Beach Boys,,https://open.spotify.com/playlist/566QLmMG2tsJGZsQmDrBiF
TB 100 Vol. 7,Volume,Vol. 7,30,I Am a Rock,Simon & Garfunkel,,https://open.spotify.com/playlist/566QLmMG2tsJGZsQmDrBiF
TB 100 Vol. 7,Volume,Vol. 7,31,Street Spirit (Fade Out),Radiohead,,https://open.spotify.com/playlist/566QLmMG2tsJGZsQmDrBiF
TB 100 Vol. 7,Volume,Vol. 7,32,Cigarettes & Alcohol,Oasis,,https://open.spotify.com/playlist/566QLmMG2tsJGZsQmDrBiF
TB 100 Vol. 7,Volume,Vol. 7,33,Speed of Sound,Coldplay,,https://open.spotify.com/playlist/566QLmMG2tsJGZsQmDrBiF
TB 100 Vol. 7,Volume,Vol. 7,34,Give It Away,Red Hot Chili Peppers,,https://open.spotify.com/playlist/566QLmMG2tsJGZsQmDrBiF
TB 100 Vol. 7,Volume,Vol. 7,35,"De Do Do Do, De Da Da Da",The Police,,https://open.spotify.com/playlist/566QLmMG2tsJGZsQmDrBiF
TB 100 Vol. 7,Volume,Vol. 7,36,Born to Be My Baby,Bon Jovi,,https://open.spotify.com/playlist/566QLmMG2tsJGZsQmDrBiF
TB 100 Vol. 7,Volume,Vol. 7,37,Who's Crying Now,Journey,,https://open.spotify.com/playlist/566QLmMG2tsJGZsQmDrBiF
TB 100 Vol. 7,Volume,Vol. 7,38,All My Life,Foo Fighters,,https://open.spotify.com/playlist/566QLmMG2tsJGZsQmDrBiF
TB 100 Vol. 7,Volume,Vol. 7,39,Last Kiss,Pearl Jam,,https://open.spotify.com/playlist/566QLmMG2tsJGZsQmDrBiF
TB 100 Vol. 7,Volume,Vol. 7,40,21 Guns,Green Day,,https://open.spotify.com/playlist/566QLmMG2tsJGZsQmDrBiF
TB 100 Vol. 7,Volume,Vol. 7,41,New Divide,Linkin Park,,https://open.spotify.com/playlist/566QLmMG2tsJGZsQmDrBiF
TB 100 Vol. 7,Volume,Vol. 7,42,Snap Out of It,Arctic Monkeys,,https://open.spotify.com/playlist/566QLmMG2tsJGZsQmDrBiF
TB 100 Vol. 7,Volume,Vol. 7,43,The Man,The Killers,,https://open.spotify.com/playlist/566QLmMG2tsJGZsQmDrBiF
TB 100 Vol. 7,Volume,Vol. 7,44,Pictures of You,The Cure,,https://open.spotify.com/playlist/566QLmMG2tsJGZsQmDrBiF
TB 100 Vol. 7,Volume,Vol. 7,45,Precious,Depeche Mode,,https://open.spotify.com/playlist/566QLmMG2tsJGZsQmDrBiF
TB 100 Vol. 7,Volume,Vol. 7,46,Blow Up the Outside World,Soundgarden,,https://open.spotify.com/playlist/566QLmMG2tsJGZsQmDrBiF
TB 100 Vol. 7,Volume,Vol. 7,47,My Doorbell,The White Stripes,,https://open.spotify.com/playlist/566QLmMG2tsJGZsQmDrBiF
TB 100 Vol. 7,Volume,Vol. 7,48,Life During Wartime,Talking Heads,,https://open.spotify.com/playlist/566QLmMG2tsJGZsQmDrBiF
TB 100 Vol. 7,Volume,Vol. 7,49,Beetlebum,Blur,,https://open.spotify.com/playlist/566QLmMG2tsJGZsQmDrBiF
TB 100 Vol. 7,Volume,Vol. 7,50,Tunnel of Love,Dire Straits,,https://open.spotify.com/playlist/566QLmMG2tsJGZsQmDrBiF
TB 100 Vol. 7,Volume,Vol. 7,51,Love in an Elevator,Aerosmith,,https://open.spotify.com/playlist/566QLmMG2tsJGZsQmDrBiF
TB 100 Vol. 7,Volume,Vol. 7,52,"What's the Frequency, Kenneth?",R.E.M.,,https://open.spotify.com/playlist/566QLmMG2tsJGZsQmDrBiF
TB 100 Vol. 7,Volume,Vol. 7,53,Ask,The Smiths,,https://open.spotify.com/playlist/566QLmMG2tsJGZsQmDrBiF
TB 100 Vol. 7,Volume,Vol. 7,54,Time Is Running Out,Muse,,https://open.spotify.com/playlist/566QLmMG2tsJGZsQmDrBiF
TB 100 Vol. 7,Volume,Vol. 7,55,Dance the Night Away,Van Halen,,https://open.spotify.com/playlist/566QLmMG2tsJGZsQmDrBiF
TB 100 Vol. 7,Volume,Vol. 7,56,Runnin' Down a Dream,Tom Petty and the Heartbreakers,,https://open.spotify.com/playlist/566QLmMG2tsJGZsQmDrBiF
TB 100 Vol. 7,Volume,Vol. 7,57,Like a Rock,Bob Seger,,https://open.spotify.com/playlist/566QLmMG2tsJGZsQmDrBiF
TB 100 Vol. 7,Volume,Vol. 7,58,Clampdown,The Clash,,https://open.spotify.com/playlist/566QLmMG2tsJGZsQmDrBiF
TB 100 Vol. 7,Volume,Vol. 7,59,Come Dancing,The Kinks,,https://open.spotify.com/playlist/566QLmMG2tsJGZsQmDrBiF
TB 100 Vol. 7,Volume,Vol. 7,60,Black Sabbath,Black Sabbath,,https://open.spotify.com/playlist/566QLmMG2tsJGZsQmDrBiF
TB 100 Vol. 7,Volume,Vol. 7,61,La Isla Bonita,Madonna,,https://open.spotify.com/playlist/566QLmMG2tsJGZsQmDrBiF
TB 100 Vol. 7,Volume,Vol. 7,62,So Emotional,Whitney Houston,,https://open.spotify.com/playlist/566QLmMG2tsJGZsQmDrBiF
TB 100 Vol. 7,Volume,Vol. 7,63,River Deep – Mountain High,Tina Turner,,https://open.spotify.com/playlist/566QLmMG2tsJGZsQmDrBiF
TB 100 Vol. 7,Volume,Vol. 7,64,"Knowing Me, Knowing You",ABBA,,https://open.spotify.com/playlist/566QLmMG2tsJGZsQmDrBiF
TB 100 Vol. 7,Volume,Vol. 7,65,Massachusetts,Bee Gees,,https://open.spotify.com/playlist/566QLmMG2tsJGZsQmDrBiF
TB 100 Vol. 7,Volume,Vol. 7,66,The Goonies 'R' Good Enough,Cyndi Lauper,,https://open.spotify.com/playlist/566QLmMG2tsJGZsQmDrBiF
TB 100 Vol. 7,Volume,Vol. 7,67,Chasing Pavements,Adele,,https://open.spotify.com/playlist/566QLmMG2tsJGZsQmDrBiF
TB 100 Vol. 7,Volume,Vol. 7,68,Wake Up Alone,Amy Winehouse,,https://open.spotify.com/playlist/566QLmMG2tsJGZsQmDrBiF
TB 100 Vol. 7,Volume,Vol. 7,69,Another Saturday Night,Sam Cooke,,https://open.spotify.com/playlist/566QLmMG2tsJGZsQmDrBiF
TB 100 Vol. 7,Volume,Vol. 7,70,Fa-Fa-Fa-Fa-Fa (Sad Song),Otis Redding,,https://open.spotify.com/playlist/566QLmMG2tsJGZsQmDrBiF
TB 100 Vol. 7,Volume,Vol. 7,71,If I Were a Boy,Beyoncé,,https://open.spotify.com/playlist/566QLmMG2tsJGZsQmDrBiF
TB 100 Vol. 7,Volume,Vol. 7,72,Rude Boy,Rihanna,,https://open.spotify.com/playlist/566QLmMG2tsJGZsQmDrBiF
TB 100 Vol. 7,Volume,Vol. 7,73,Alejandro,Lady Gaga,,https://open.spotify.com/playlist/566QLmMG2tsJGZsQmDrBiF
TB 100 Vol. 7,Volume,Vol. 7,74,Last Friday Night (T.G.I.F.),Katy Perry,,https://open.spotify.com/playlist/566QLmMG2tsJGZsQmDrBiF
TB 100 Vol. 7,Volume,Vol. 7,75,Bad Blood,Taylor Swift,,https://open.spotify.com/playlist/566QLmMG2tsJGZsQmDrBiF
TB 100 Vol. 7,Volume,Vol. 7,76,Galway Girl,Ed Sheeran,,https://open.spotify.com/playlist/566QLmMG2tsJGZsQmDrBiF
TB 100 Vol. 7,Volume,Vol. 7,77,Treasure,Bruno Mars,,https://open.spotify.com/playlist/566QLmMG2tsJGZsQmDrBiF
TB 100 Vol. 7,Volume,Vol. 7,78,I Feel It Coming,The Weeknd,,https://open.spotify.com/playlist/566QLmMG2tsJGZsQmDrBiF
TB 100 Vol. 7,Volume,Vol. 7,79,Dance the Night,Dua Lipa,,https://open.spotify.com/playlist/566QLmMG2tsJGZsQmDrBiF
TB 100 Vol. 7,Volume,Vol. 7,80,Bird Set Free,Sia,,https://open.spotify.com/playlist/566QLmMG2tsJGZsQmDrBiF
TB 100 Vol. 7,Volume,Vol. 7,81,Mockingbird,Eminem,,https://open.spotify.com/playlist/566QLmMG2tsJGZsQmDrBiF
TB 100 Vol. 7,Volume,Vol. 7,82,Holy Grail,Jay-Z,,https://open.spotify.com/playlist/566QLmMG2tsJGZsQmDrBiF
TB 100 Vol. 7,Volume,Vol. 7,83,Bound 2,Kanye West,,https://open.spotify.com/playlist/566QLmMG2tsJGZsQmDrBiF
TB 100 Vol. 7,Volume,Vol. 7,84,"Bitch, Don't Kill My Vibe",Kendrick Lamar,,https://open.spotify.com/playlist/566QLmMG2tsJGZsQmDrBiF
TB 100 Vol. 7,Volume,Vol. 7,85,Passionfruit,Drake,,https://open.spotify.com/playlist/566QLmMG2tsJGZsQmDrBiF
TB 100 Vol. 7,Volume,Vol. 7,86,All Eyez on Me,2Pac,,https://open.spotify.com/playlist/566QLmMG2tsJGZsQmDrBiF
TB 100 Vol. 7,Volume,Vol. 7,87,Warning,The Notorious B.I.G.,,https://open.spotify.com/playlist/566QLmMG2tsJGZsQmDrBiF
TB 100 Vol. 7,Volume,Vol. 7,88,Ain't No Fun (If the Homies Can't Have None),Snoop Dogg,,https://open.spotify.com/playlist/566QLmMG2tsJGZsQmDrBiF
TB 100 Vol. 7,Volume,Vol. 7,89,Deep Cover,Dr. Dre,,https://open.spotify.com/playlist/566QLmMG2tsJGZsQmDrBiF
TB 100 Vol. 7,Volume,Vol. 7,90,Elevators (Me & You),OutKast,,https://open.spotify.com/playlist/566QLmMG2tsJGZsQmDrBiF
TB 100 Vol. 7,Volume,Vol. 7,91,Un-thinkable (I'm Ready),Alicia Keys,,https://open.spotify.com/playlist/566QLmMG2tsJGZsQmDrBiF
TB 100 Vol. 7,Volume,Vol. 7,92,P.D.A. (We Just Don't Care),John Legend,,https://open.spotify.com/playlist/566QLmMG2tsJGZsQmDrBiF
TB 100 Vol. 7,Volume,Vol. 7,93,Writing's on the Wall,Sam Smith,,https://open.spotify.com/playlist/566QLmMG2tsJGZsQmDrBiF
TB 100 Vol. 7,Volume,Vol. 7,94,Liability,Lorde,,https://open.spotify.com/playlist/566QLmMG2tsJGZsQmDrBiF
TB 100 Vol. 7,Volume,Vol. 7,95,Everything I Wanted,Billie Eilish,,https://open.spotify.com/playlist/566QLmMG2tsJGZsQmDrBiF
TB 100 Vol. 7,Volume,Vol. 7,96,Bones,Imagine Dragons,,https://open.spotify.com/playlist/566QLmMG2tsJGZsQmDrBiF
TB 100 Vol. 7,Volume,Vol. 7,97,Animals,Maroon 5,,https://open.spotify.com/playlist/566QLmMG2tsJGZsQmDrBiF
TB 100 Vol. 7,Volume,Vol. 7,98,Love Runs Out,OneRepublic,,https://open.spotify.com/playlist/566QLmMG2tsJGZsQmDrBiF
TB 100 Vol. 7,Volume,Vol. 7,99,Something About Us,Daft Punk,,https://open.spotify.com/playlist/566QLmMG2tsJGZsQmDrBiF
TB 100 Vol. 7,Volume,Vol. 7,100,Into the Night,Santana,,https://open.spotify.com/playlist/566QLmMG2tsJGZsQmDrBiF
TB 100 Vol. 8,Volume,Vol. 8,1,Radio Ga Ga,Queen,,https://open.spotify.com/playlist/67psZqcWNodGcqKNLM8o9A
TB 100 Vol. 8,Volume,Vol. 8,2,Twist and Shout,The Beatles,,https://open.spotify.com/playlist/67psZqcWNodGcqKNLM8o9A
TB 100 Vol. 8,Volume,Vol. 8,3,Rock with You,Michael Jackson,,https://open.spotify.com/playlist/67psZqcWNodGcqKNLM8o9A
TB 100 Vol. 8,Volume,Vol. 8,4,Heartbreaker,Led Zeppelin,,https://open.spotify.com/playlist/67psZqcWNodGcqKNLM8o9A
TB 100 Vol. 8,Volume,Vol. 8,5,Dumb,Nirvana,,https://open.spotify.com/playlist/67psZqcWNodGcqKNLM8o9A
TB 100 Vol. 8,Volume,Vol. 8,6,Wild Horses,The Rolling Stones,,https://open.spotify.com/playlist/67psZqcWNodGcqKNLM8o9A
TB 100 Vol. 8,Volume,Vol. 8,7,Lay Lady Lay,Bob Dylan,,https://open.spotify.com/playlist/67psZqcWNodGcqKNLM8o9A
TB 100 Vol. 8,Volume,Vol. 8,8,Ashes to Ashes,David Bowie,,https://open.spotify.com/playlist/67psZqcWNodGcqKNLM8o9A
TB 100 Vol. 8,Volume,Vol. 8,9,U Got the Look,Prince,,https://open.spotify.com/playlist/67psZqcWNodGcqKNLM8o9A
TB 100 Vol. 8,Volume,Vol. 8,10,Streets of Philadelphia,Bruce Springsteen,,https://open.spotify.com/playlist/67psZqcWNodGcqKNLM8o9A
TB 100 Vol. 8,Volume,Vol. 8,11,Desire,U2,,https://open.spotify.com/playlist/67psZqcWNodGcqKNLM8o9A
TB 100 Vol. 8,Volume,Vol. 8,12,Brain Damage,Pink Floyd,,https://open.spotify.com/playlist/67psZqcWNodGcqKNLM8o9A
TB 100 Vol. 8,Volume,Vol. 8,13,The Kids Are Alright,The Who,,https://open.spotify.com/playlist/67psZqcWNodGcqKNLM8o9A
TB 100 Vol. 8,Volume,Vol. 8,14,Whole Lotta Rosie,AC/DC,,https://open.spotify.com/playlist/67psZqcWNodGcqKNLM8o9A
TB 100 Vol. 8,Volume,Vol. 8,15,Sad but True,Metallica,,https://open.spotify.com/playlist/67psZqcWNodGcqKNLM8o9A
TB 100 Vol. 8,Volume,Vol. 8,16,Civil War,Guns N' Roses,,https://open.spotify.com/playlist/67psZqcWNodGcqKNLM8o9A
TB 100 Vol. 8,Volume,Vol. 8,17,New Kid in Town,Eagles,,https://open.spotify.com/playlist/67psZqcWNodGcqKNLM8o9A
TB 100 Vol. 8,Volume,Vol. 8,18,Gypsy,Fleetwood Mac,,https://open.spotify.com/playlist/67psZqcWNodGcqKNLM8o9A
TB 100 Vol. 8,Volume,Vol. 8,19,Roadhouse Blues,The Doors,,https://open.spotify.com/playlist/67psZqcWNodGcqKNLM8o9A
TB 100 Vol. 8,Volume,Vol. 8,20,Crosstown Traffic,Jimi Hendrix,,https://open.spotify.com/playlist/67psZqcWNodGcqKNLM8o9A
TB 100 Vol. 8,Volume,Vol. 8,21,"Get Up, Stand Up",Bob Marley,,https://open.spotify.com/playlist/67psZqcWNodGcqKNLM8o9A
TB 100 Vol. 8,Volume,Vol. 8,22,Living for the City,Stevie Wonder,,https://open.spotify.com/playlist/67psZqcWNodGcqKNLM8o9A
TB 100 Vol. 8,Volume,Vol. 8,23,Pride and Joy,Marvin Gaye,,https://open.spotify.com/playlist/67psZqcWNodGcqKNLM8o9A
TB 100 Vol. 8,Volume,Vol. 8,24,"Do Right Woman, Do Right Man",Aretha Franklin,,https://open.spotify.com/playlist/67psZqcWNodGcqKNLM8o9A
TB 100 Vol. 8,Volume,Vol. 8,25,Daniel,Elton John,,https://open.spotify.com/playlist/67psZqcWNodGcqKNLM8o9A
TB 100 Vol. 8,Volume,Vol. 8,26,All Shook Up,Elvis Presley,,https://open.spotify.com/playlist/67psZqcWNodGcqKNLM8o9A
TB 100 Vol. 8,Volume,Vol. 8,27,Busted,Ray Charles,,https://open.spotify.com/playlist/67psZqcWNodGcqKNLM8o9A
TB 100 Vol. 8,Volume,Vol. 8,28,School Days,Chuck Berry,,https://open.spotify.com/playlist/67psZqcWNodGcqKNLM8o9A
TB 100 Vol. 8,Volume,Vol. 8,29,"Help Me, Rhonda",The Beach Boys,,https://open.spotify.com/playlist/67psZqcWNodGcqKNLM8o9A
TB 100 Vol. 8,Volume,Vol. 8,30,America,Simon & Garfunkel,,https://open.spotify.com/playlist/67psZqcWNodGcqKNLM8o9A
TB 100 Vol. 8,Volume,Vol. 8,31,Everything in Its Right Place,Radiohead,,https://open.spotify.com/playlist/67psZqcWNodGcqKNLM8o9A
TB 100 Vol. 8,Volume,Vol. 8,32,Roll With It,Oasis,,https://open.spotify.com/playlist/67psZqcWNodGcqKNLM8o9A
TB 100 Vol. 8,Volume,Vol. 8,33,Hymn for the Weekend,Coldplay,,https://open.spotify.com/playlist/67psZqcWNodGcqKNLM8o9A
TB 100 Vol. 8,Volume,Vol. 8,34,Dani California,Red Hot Chili Peppers,,https://open.spotify.com/playlist/67psZqcWNodGcqKNLM8o9A
TB 100 Vol. 8,Volume,Vol. 8,35,Can't Stand Losing You,The Police,,https://open.spotify.com/playlist/67psZqcWNodGcqKNLM8o9A
TB 100 Vol. 8,Volume,Vol. 8,36,Have a Nice Day,Bon Jovi,,https://open.spotify.com/playlist/67psZqcWNodGcqKNLM8o9A
TB 100 Vol. 8,Volume,Vol. 8,37,"Lovin', Touchin', Squeezin'",Journey,,https://open.spotify.com/playlist/67psZqcWNodGcqKNLM8o9A
TB 100 Vol. 8,Volume,Vol. 8,38,Walk,Foo Fighters,,https://open.spotify.com/playlist/67psZqcWNodGcqKNLM8o9A
TB 100 Vol. 8,Volume,Vol. 8,39,Elderly Woman Behind the Counter in a Small Town,Pearl Jam,,https://open.spotify.com/playlist/67psZqcWNodGcqKNLM8o9A
TB 100 Vol. 8,Volume,Vol. 8,40,Longview,Green Day,,https://open.spotify.com/playlist/67psZqcWNodGcqKNLM8o9A
TB 100 Vol. 8,Volume,Vol. 8,41,Somewhere I Belong,Linkin Park,,https://open.spotify.com/playlist/67psZqcWNodGcqKNLM8o9A
TB 100 Vol. 8,Volume,Vol. 8,42,When the Sun Goes Down,Arctic Monkeys,,https://open.spotify.com/playlist/67psZqcWNodGcqKNLM8o9A
TB 100 Vol. 8,Volume,Vol. 8,43,Runaways,The Killers,,https://open.spotify.com/playlist/67psZqcWNodGcqKNLM8o9A
TB 100 Vol. 8,Volume,Vol. 8,44,A Forest,The Cure,,https://open.spotify.com/playlist/67psZqcWNodGcqKNLM8o9A
TB 100 Vol. 8,Volume,Vol. 8,45,Walking in My Shoes,Depeche Mode,,https://open.spotify.com/playlist/67psZqcWNodGcqKNLM8o9A
TB 100 Vol. 8,Volume,Vol. 8,46,Pretty Noose,Soundgarden,,https://open.spotify.com/playlist/67psZqcWNodGcqKNLM8o9A
TB 100 Vol. 8,Volume,Vol. 8,47,We're Going to Be Friends,The White Stripes,,https://open.spotify.com/playlist/67psZqcWNodGcqKNLM8o9A
TB 100 Vol. 8,Volume,Vol. 8,48,Wild Wild Life,Talking Heads,,https://open.spotify.com/playlist/67psZqcWNodGcqKNLM8o9A
TB 100 Vol. 8,Volume,Vol. 8,49,There's No Other Way,Blur,,https://open.spotify.com/playlist/67psZqcWNodGcqKNLM8o9A
TB 100 Vol. 8,Volume,Vol. 8,50,Your Latest Trick,Dire Straits,,https://open.spotify.com/playlist/67psZqcWNodGcqKNLM8o9A
TB 100 Vol. 8,Volume,Vol. 8,51,Dude (Looks Like a Lady),Aerosmith,,https://open.spotify.com/playlist/67psZqcWNodGcqKNLM8o9A
TB 100 Vol. 8,Volume,Vol. 8,52,Nightswimming,R.E.M.,,https://open.spotify.com/playlist/67psZqcWNodGcqKNLM8o9A
TB 100 Vol. 8,Volume,Vol. 8,53,The Boy with the Thorn in His Side,The Smiths,,https://open.spotify.com/playlist/67psZqcWNodGcqKNLM8o9A
TB 100 Vol. 8,Volume,Vol. 8,54,Plug In Baby,Muse,,https://open.spotify.com/playlist/67psZqcWNodGcqKNLM8o9A
TB 100 Vol. 8,Volume,Vol. 8,55,Unchained,Van Halen,,https://open.spotify.com/playlist/67psZqcWNodGcqKNLM8o9A
TB 100 Vol. 8,Volume,Vol. 8,56,Don't Come Around Here No More,Tom Petty and the Heartbreakers,,https://open.spotify.com/playlist/67psZqcWNodGcqKNLM8o9A
TB 100 Vol. 8,Volume,Vol. 8,57,We've Got Tonight,Bob Seger,,https://open.spotify.com/playlist/67psZqcWNodGcqKNLM8o9A
TB 100 Vol. 8,Volume,Vol. 8,58,The Guns of Brixton,The Clash,,https://open.spotify.com/playlist/67psZqcWNodGcqKNLM8o9A
TB 100 Vol. 8,Volume,Vol. 8,59,Dedicated Follower of Fashion,The Kinks,,https://open.spotify.com/playlist/67psZqcWNodGcqKNLM8o9A
TB 100 Vol. 8,Volume,Vol. 8,60,Snowblind,Black Sabbath,,https://open.spotify.com/playlist/67psZqcWNodGcqKNLM8o9A
TB 100 Vol. 8,Volume,Vol. 8,61,Music,Madonna,,https://open.spotify.com/playlist/67psZqcWNodGcqKNLM8o9A
TB 100 Vol. 8,Volume,Vol. 8,62,Where Do Broken Hearts Go,Whitney Houston,,https://open.spotify.com/playlist/67psZqcWNodGcqKNLM8o9A
TB 100 Vol. 8,Volume,Vol. 8,63,Typical Male,Tina Turner,,https://open.spotify.com/playlist/67psZqcWNodGcqKNLM8o9A
TB 100 Vol. 8,Volume,Vol. 8,64,Gimme! Gimme! Gimme! (A Man After Midnight),ABBA,,https://open.spotify.com/playlist/67psZqcWNodGcqKNLM8o9A
TB 100 Vol. 8,Volume,Vol. 8,65,To Love Somebody,Bee Gees,,https://open.spotify.com/playlist/67psZqcWNodGcqKNLM8o9A
TB 100 Vol. 8,Volume,Vol. 8,66,Hole in My Heart,Cyndi Lauper,,https://open.spotify.com/playlist/67psZqcWNodGcqKNLM8o9A
TB 100 Vol. 8,Volume,Vol. 8,67,Send My Love (To Your New Lover),Adele,,https://open.spotify.com/playlist/67psZqcWNodGcqKNLM8o9A
TB 100 Vol. 8,Volume,Vol. 8,68,Just Friends,Amy Winehouse,,https://open.spotify.com/playlist/67psZqcWNodGcqKNLM8o9A
TB 100 Vol. 8,Volume,Vol. 8,69,Having a Party,Sam Cooke,,https://open.spotify.com/playlist/67psZqcWNodGcqKNLM8o9A
TB 100 Vol. 8,Volume,Vol. 8,70,That's How Strong My Love Is,Otis Redding,,https://open.spotify.com/playlist/67psZqcWNodGcqKNLM8o9A
TB 100 Vol. 8,Volume,Vol. 8,71,Run the World (Girls),Beyoncé,,https://open.spotify.com/playlist/67psZqcWNodGcqKNLM8o9A
TB 100 Vol. 8,Volume,Vol. 8,72,Stay,Rihanna,,https://open.spotify.com/playlist/67psZqcWNodGcqKNLM8o9A
TB 100 Vol. 8,Volume,Vol. 8,73,Rain on Me,Lady Gaga,,https://open.spotify.com/playlist/67psZqcWNodGcqKNLM8o9A
TB 100 Vol. 8,Volume,Vol. 8,74,E.T.,Katy Perry,,https://open.spotify.com/playlist/67psZqcWNodGcqKNLM8o9A
TB 100 Vol. 8,Volume,Vol. 8,75,Style,Taylor Swift,,https://open.spotify.com/playlist/67psZqcWNodGcqKNLM8o9A
TB 100 Vol. 8,Volume,Vol. 8,76,Lego House,Ed Sheeran,,https://open.spotify.com/playlist/67psZqcWNodGcqKNLM8o9A
TB 100 Vol. 8,Volume,Vol. 8,77,Marry You,Bruno Mars,,https://open.spotify.com/playlist/67psZqcWNodGcqKNLM8o9A
TB 100 Vol. 8,Volume,Vol. 8,78,Call Out My Name,The Weeknd,,https://open.spotify.com/playlist/67psZqcWNodGcqKNLM8o9A
TB 100 Vol. 8,Volume,Vol. 8,79,Love Again,Dua Lipa,,https://open.spotify.com/playlist/67psZqcWNodGcqKNLM8o9A
TB 100 Vol. 8,Volume,Vol. 8,80,Big Girls Cry,Sia,,https://open.spotify.com/playlist/67psZqcWNodGcqKNLM8o9A
TB 100 Vol. 8,Volume,Vol. 8,81,'Till I Collapse,Eminem,,https://open.spotify.com/playlist/67psZqcWNodGcqKNLM8o9A
TB 100 Vol. 8,Volume,Vol. 8,82,I Just Wanna Love U (Give It 2 Me),Jay-Z,,https://open.spotify.com/playlist/67psZqcWNodGcqKNLM8o9A
TB 100 Vol. 8,Volume,Vol. 8,83,Runaway,Kanye West,,https://open.spotify.com/playlist/67psZqcWNodGcqKNLM8o9A
TB 100 Vol. 8,Volume,Vol. 8,84,LOYALTY.,Kendrick Lamar,,https://open.spotify.com/playlist/67psZqcWNodGcqKNLM8o9A
TB 100 Vol. 8,Volume,Vol. 8,85,Headlines,Drake,,https://open.spotify.com/playlist/67psZqcWNodGcqKNLM8o9A
TB 100 Vol. 8,Volume,Vol. 8,86,2 of Amerikaz Most Wanted,2Pac,,https://open.spotify.com/playlist/67psZqcWNodGcqKNLM8o9A
TB 100 Vol. 8,Volume,Vol. 8,87,Who Shot Ya,The Notorious B.I.G.,,https://open.spotify.com/playlist/67psZqcWNodGcqKNLM8o9A
TB 100 Vol. 8,Volume,Vol. 8,88,Sweat,Snoop Dogg,,https://open.spotify.com/playlist/67psZqcWNodGcqKNLM8o9A
TB 100 Vol. 8,Volume,Vol. 8,89,Kush,Dr. Dre,,https://open.spotify.com/playlist/67psZqcWNodGcqKNLM8o9A
TB 100 Vol. 8,Volume,Vol. 8,90,Player's Ball,OutKast,,https://open.spotify.com/playlist/67psZqcWNodGcqKNLM8o9A
TB 100 Vol. 8,Volume,Vol. 8,91,A Woman's Worth,Alicia Keys,,https://open.spotify.com/playlist/67psZqcWNodGcqKNLM8o9A
TB 100 Vol. 8,Volume,Vol. 8,92,Number One,John Legend,,https://open.spotify.com/playlist/67psZqcWNodGcqKNLM8o9A
TB 100 Vol. 8,Volume,Vol. 8,93,Like I Can,Sam Smith,,https://open.spotify.com/playlist/67psZqcWNodGcqKNLM8o9A
TB 100 Vol. 8,Volume,Vol. 8,94,400 Lux,Lorde,,https://open.spotify.com/playlist/67psZqcWNodGcqKNLM8o9A
TB 100 Vol. 8,Volume,Vol. 8,95,No Time to Die,Billie Eilish,,https://open.spotify.com/playlist/67psZqcWNodGcqKNLM8o9A
TB 100 Vol. 8,Volume,Vol. 8,96,Natural,Imagine Dragons,,https://open.spotify.com/playlist/67psZqcWNodGcqKNLM8o9A
TB 100 Vol. 8,Volume,Vol. 8,97,Memories,Maroon 5,,https://open.spotify.com/playlist/67psZqcWNodGcqKNLM8o9A
TB 100 Vol. 8,Volume,Vol. 8,98,Rescue Me,OneRepublic,,https://open.spotify.com/playlist/67psZqcWNodGcqKNLM8o9A
TB 100 Vol. 8,Volume,Vol. 8,99,Lose Yourself to Dance,Daft Punk,,https://open.spotify.com/playlist/67psZqcWNodGcqKNLM8o9A
TB 100 Vol. 8,Volume,Vol. 8,100,Samba Pa Ti,Santana,,https://open.spotify.com/playlist/67psZqcWNodGcqKNLM8o9A
TB 100 Vol. 9,Volume,Vol. 9,1,I Want to Break Free,Queen,,https://open.spotify.com/playlist/4t3us7fNp1kx5Pb0fv3EUM
TB 100 Vol. 9,Volume,Vol. 9,2,She Loves You,The Beatles,,https://open.spotify.com/playlist/4t3us7fNp1kx5Pb0fv3EUM
TB 100 Vol. 9,Volume,Vol. 9,3,Don't Stop 'Til You Get Enough,Michael Jackson,,https://open.spotify.com/playlist/4t3us7fNp1kx5Pb0fv3EUM
TB 100 Vol. 9,Volume,Vol. 9,4,Dazed and Confused,Led Zeppelin,,https://open.spotify.com/playlist/4t3us7fNp1kx5Pb0fv3EUM
TB 100 Vol. 9,Volume,Vol. 9,5,Something in the Way,Nirvana,,https://open.spotify.com/playlist/4t3us7fNp1kx5Pb0fv3EUM
TB 100 Vol. 9,Volume,Vol. 9,6,You Can't Always Get What You Want,The Rolling Stones,,https://open.spotify.com/playlist/4t3us7fNp1kx5Pb0fv3EUM
TB 100 Vol. 9,Volume,Vol. 9,7,Just Like a Woman,Bob Dylan,,https://open.spotify.com/playlist/4t3us7fNp1kx5Pb0fv3EUM
TB 100 Vol. 9,Volume,Vol. 9,8,Fame,David Bowie,,https://open.spotify.com/playlist/4t3us7fNp1kx5Pb0fv3EUM
TB 100 Vol. 9,Volume,Vol. 9,9,I Would Die 4 U,Prince,,https://open.spotify.com/playlist/4t3us7fNp1kx5Pb0fv3EUM
TB 100 Vol. 9,Volume,Vol. 9,10,Badlands,Bruce Springsteen,,https://open.spotify.com/playlist/4t3us7fNp1kx5Pb0fv3EUM
TB 100 Vol. 9,Volume,Vol. 9,11,Mysterious Ways,U2,,https://open.spotify.com/playlist/4t3us7fNp1kx5Pb0fv3EUM
TB 100 Vol. 9,Volume,Vol. 9,12,Breathe,Pink Floyd,,https://open.spotify.com/playlist/4t3us7fNp1kx5Pb0fv3EUM
TB 100 Vol. 9,Volume,Vol. 9,13,Substitute,The Who,,https://open.spotify.com/playlist/4t3us7fNp1kx5Pb0fv3EUM
TB 100 Vol. 9,Volume,Vol. 9,14,Shoot to Thrill,AC/DC,,https://open.spotify.com/playlist/4t3us7fNp1kx5Pb0fv3EUM
TB 100 Vol. 9,Volume,Vol. 9,15,Ride the Lightning,Metallica,,https://open.spotify.com/playlist/4t3us7fNp1kx5Pb0fv3EUM
TB 100 Vol. 9,Volume,Vol. 9,16,Nightrain,Guns N' Roses,,https://open.spotify.com/playlist/4t3us7fNp1kx5Pb0fv3EUM
TB 100 Vol. 9,Volume,Vol. 9,17,Peaceful Easy Feeling,Eagles,,https://open.spotify.com/playlist/4t3us7fNp1kx5Pb0fv3EUM
TB 100 Vol. 9,Volume,Vol. 9,18,Sara,Fleetwood Mac,,https://open.spotify.com/playlist/4t3us7fNp1kx5Pb0fv3EUM
TB 100 Vol. 9,Volume,Vol. 9,19,The End,The Doors,,https://open.spotify.com/playlist/4t3us7fNp1kx5Pb0fv3EUM
TB 100 Vol. 9,Volume,Vol. 9,20,Castles Made of Sand,Jimi Hendrix,,https://open.spotify.com/playlist/4t3us7fNp1kx5Pb0fv3EUM
TB 100 Vol. 9,Volume,Vol. 9,21,Stir It Up,Bob Marley,,https://open.spotify.com/playlist/4t3us7fNp1kx5Pb0fv3EUM
TB 100 Vol. 9,Volume,Vol. 9,22,Master Blaster (Jammin'),Stevie Wonder,,https://open.spotify.com/playlist/4t3us7fNp1kx5Pb0fv3EUM
TB 100 Vol. 9,Volume,Vol. 9,23,Trouble Man,Marvin Gaye,,https://open.spotify.com/playlist/4t3us7fNp1kx5Pb0fv3EUM
TB 100 Vol. 9,Volume,Vol. 9,24,Spanish Harlem,Aretha Franklin,,https://open.spotify.com/playlist/4t3us7fNp1kx5Pb0fv3EUM
TB 100 Vol. 9,Volume,Vol. 9,25,Can You Feel the Love Tonight,Elton John,,https://open.spotify.com/playlist/4t3us7fNp1kx5Pb0fv3EUM
TB 100 Vol. 9,Volume,Vol. 9,26,Burning Love,Elvis Presley,,https://open.spotify.com/playlist/4t3us7fNp1kx5Pb0fv3EUM
TB 100 Vol. 9,Volume,Vol. 9,27,Hallelujah I Love Her So,Ray Charles,,https://open.spotify.com/playlist/4t3us7fNp1kx5Pb0fv3EUM
TB 100 Vol. 9,Volume,Vol. 9,28,Nadine,Chuck Berry,,https://open.spotify.com/playlist/4t3us7fNp1kx5Pb0fv3EUM
TB 100 Vol. 9,Volume,Vol. 9,29,Sloop John B,The Beach Boys,,https://open.spotify.com/playlist/4t3us7fNp1kx5Pb0fv3EUM
TB 100 Vol. 9,Volume,Vol. 9,30,El Condor Pasa (If I Could),Simon & Garfunkel,,https://open.spotify.com/playlist/4t3us7fNp1kx5Pb0fv3EUM
TB 100 Vol. 9,Volume,Vol. 9,31,There There,Radiohead,,https://open.spotify.com/playlist/4t3us7fNp1kx5Pb0fv3EUM
TB 100 Vol. 9,Volume,Vol. 9,32,Whatever,Oasis,,https://open.spotify.com/playlist/4t3us7fNp1kx5Pb0fv3EUM
TB 100 Vol. 9,Volume,Vol. 9,33,Adventure of a Lifetime,Coldplay,,https://open.spotify.com/playlist/4t3us7fNp1kx5Pb0fv3EUM
TB 100 Vol. 9,Volume,Vol. 9,34,Soul to Squeeze,Red Hot Chili Peppers,,https://open.spotify.com/playlist/4t3us7fNp1kx5Pb0fv3EUM
TB 100 Vol. 9,Volume,Vol. 9,35,Wrapped Around Your Finger,The Police,,https://open.spotify.com/playlist/4t3us7fNp1kx5Pb0fv3EUM
TB 100 Vol. 9,Volume,Vol. 9,36,Who Says You Can't Go Home,Bon Jovi,,https://open.spotify.com/playlist/4t3us7fNp1kx5Pb0fv3EUM
TB 100 Vol. 9,Volume,Vol. 9,37,Send Her My Love,Journey,,https://open.spotify.com/playlist/4t3us7fNp1kx5Pb0fv3EUM
TB 100 Vol. 9,Volume,Vol. 9,38,Big Me,Foo Fighters,,https://open.spotify.com/playlist/4t3us7fNp1kx5Pb0fv3EUM
TB 100 Vol. 9,Volume,Vol. 9,39,Given to Fly,Pearl Jam,,https://open.spotify.com/playlist/4t3us7fNp1kx5Pb0fv3EUM
TB 100 Vol. 9,Volume,Vol. 9,40,Minority,Green Day,,https://open.spotify.com/playlist/4t3us7fNp1kx5Pb0fv3EUM
TB 100 Vol. 9,Volume,Vol. 9,41,Bleed It Out,Linkin Park,,https://open.spotify.com/playlist/4t3us7fNp1kx5Pb0fv3EUM
TB 100 Vol. 9,Volume,Vol. 9,42,Cornerstone,Arctic Monkeys,,https://open.spotify.com/playlist/4t3us7fNp1kx5Pb0fv3EUM
TB 100 Vol. 9,Volume,Vol. 9,43,Spaceman,The Killers,,https://open.spotify.com/playlist/4t3us7fNp1kx5Pb0fv3EUM
TB 100 Vol. 9,Volume,Vol. 9,44,The Lovecats,The Cure,,https://open.spotify.com/playlist/4t3us7fNp1kx5Pb0fv3EUM
TB 100 Vol. 9,Volume,Vol. 9,45,I Feel You,Depeche Mode,,https://open.spotify.com/playlist/4t3us7fNp1kx5Pb0fv3EUM
TB 100 Vol. 9,Volume,Vol. 9,46,Jesus Christ Pose,Soundgarden,,https://open.spotify.com/playlist/4t3us7fNp1kx5Pb0fv3EUM
TB 100 Vol. 9,Volume,Vol. 9,47,Ball and Biscuit,The White Stripes,,https://open.spotify.com/playlist/4t3us7fNp1kx5Pb0fv3EUM
TB 100 Vol. 9,Volume,Vol. 9,48,Girlfriend Is Better,Talking Heads,,https://open.spotify.com/playlist/4t3us7fNp1kx5Pb0fv3EUM
TB 100 Vol. 9,Volume,Vol. 9,49,Charmless Man,Blur,,https://open.spotify.com/playlist/4t3us7fNp1kx5Pb0fv3EUM
TB 100 Vol. 9,Volume,Vol. 9,50,Telegraph Road,Dire Straits,,https://open.spotify.com/playlist/4t3us7fNp1kx5Pb0fv3EUM
TB 100 Vol. 9,Volume,Vol. 9,51,Janie's Got a Gun,Aerosmith,,https://open.spotify.com/playlist/4t3us7fNp1kx5Pb0fv3EUM
TB 100 Vol. 9,Volume,Vol. 9,52,Orange Crush,R.E.M.,,https://open.spotify.com/playlist/4t3us7fNp1kx5Pb0fv3EUM
TB 100 Vol. 9,Volume,Vol. 9,53,"Please, Please, Please, Let Me Get What I Want",The Smiths,,https://open.spotify.com/playlist/4t3us7fNp1kx5Pb0fv3EUM
TB 100 Vol. 9,Volume,Vol. 9,54,Feeling Good,Muse,,https://open.spotify.com/playlist/4t3us7fNp1kx5Pb0fv3EUM
TB 100 Vol. 9,Volume,Vol. 9,55,When It's Love,Van Halen,,https://open.spotify.com/playlist/4t3us7fNp1kx5Pb0fv3EUM
TB 100 Vol. 9,Volume,Vol. 9,56,The Waiting,Tom Petty and the Heartbreakers,,https://open.spotify.com/playlist/4t3us7fNp1kx5Pb0fv3EUM
TB 100 Vol. 9,Volume,Vol. 9,57,Mainstreet,Bob Seger,,https://open.spotify.com/playlist/4t3us7fNp1kx5Pb0fv3EUM
TB 100 Vol. 9,Volume,Vol. 9,58,Straight to Hell,The Clash,,https://open.spotify.com/playlist/4t3us7fNp1kx5Pb0fv3EUM
TB 100 Vol. 9,Volume,Vol. 9,59,A Well Respected Man,The Kinks,,https://open.spotify.com/playlist/4t3us7fNp1kx5Pb0fv3EUM
TB 100 Vol. 9,Volume,Vol. 9,60,Sabbath Bloody Sabbath,Black Sabbath,,https://open.spotify.com/playlist/4t3us7fNp1kx5Pb0fv3EUM
TB 100 Vol. 9,Volume,Vol. 9,61,Ray of Light,Madonna,,https://open.spotify.com/playlist/4t3us7fNp1kx5Pb0fv3EUM
TB 100 Vol. 9,Volume,Vol. 9,62,One Moment in Time,Whitney Houston,,https://open.spotify.com/playlist/4t3us7fNp1kx5Pb0fv3EUM
TB 100 Vol. 9,Volume,Vol. 9,63,GoldenEye,Tina Turner,,https://open.spotify.com/playlist/4t3us7fNp1kx5Pb0fv3EUM
TB 100 Vol. 9,Volume,Vol. 9,64,Super Trouper,ABBA,,https://open.spotify.com/playlist/4t3us7fNp1kx5Pb0fv3EUM
TB 100 Vol. 9,Volume,Vol. 9,65,Jive Talkin',Bee Gees,,https://open.spotify.com/playlist/4t3us7fNp1kx5Pb0fv3EUM
TB 100 Vol. 9,Volume,Vol. 9,66,Money Changes Everything,Cyndi Lauper,,https://open.spotify.com/playlist/4t3us7fNp1kx5Pb0fv3EUM
TB 100 Vol. 9,Volume,Vol. 9,67,Make You Feel My Love,Adele,,https://open.spotify.com/playlist/4t3us7fNp1kx5Pb0fv3EUM
TB 100 Vol. 9,Volume,Vol. 9,68,Me & Mr Jones,Amy Winehouse,,https://open.spotify.com/playlist/4t3us7fNp1kx5Pb0fv3EUM
TB 100 Vol. 9,Volume,Vol. 9,69,Only Sixteen,Sam Cooke,,https://open.spotify.com/playlist/4t3us7fNp1kx5Pb0fv3EUM
TB 100 Vol. 9,Volume,Vol. 9,70,Pain in My Heart,Otis Redding,,https://open.spotify.com/playlist/4t3us7fNp1kx5Pb0fv3EUM
TB 100 Vol. 9,Volume,Vol. 9,71,Cuff It,Beyoncé,,https://open.spotify.com/playlist/4t3us7fNp1kx5Pb0fv3EUM
TB 100 Vol. 9,Volume,Vol. 9,72,S&M,Rihanna,,https://open.spotify.com/playlist/4t3us7fNp1kx5Pb0fv3EUM
TB 100 Vol. 9,Volume,Vol. 9,73,The Edge of Glory,Lady Gaga,,https://open.spotify.com/playlist/4t3us7fNp1kx5Pb0fv3EUM
TB 100 Vol. 9,Volume,Vol. 9,74,Part of Me,Katy Perry,,https://open.spotify.com/playlist/4t3us7fNp1kx5Pb0fv3EUM
TB 100 Vol. 9,Volume,Vol. 9,75,We Are Never Ever Getting Back Together,Taylor Swift,,https://open.spotify.com/playlist/4t3us7fNp1kx5Pb0fv3EUM
TB 100 Vol. 9,Volume,Vol. 9,76,Shivers,Ed Sheeran,,https://open.spotify.com/playlist/4t3us7fNp1kx5Pb0fv3EUM
TB 100 Vol. 9,Volume,Vol. 9,77,It Will Rain,Bruno Mars,,https://open.spotify.com/playlist/4t3us7fNp1kx5Pb0fv3EUM
TB 100 Vol. 9,Volume,Vol. 9,78,In Your Eyes,The Weeknd,,https://open.spotify.com/playlist/4t3us7fNp1kx5Pb0fv3EUM
TB 100 Vol. 9,Volume,Vol. 9,79,Be the One,Dua Lipa,,https://open.spotify.com/playlist/4t3us7fNp1kx5Pb0fv3EUM
TB 100 Vol. 9,Volume,Vol. 9,80,Breathe Me,Sia,,https://open.spotify.com/playlist/4t3us7fNp1kx5Pb0fv3EUM
TB 100 Vol. 9,Volume,Vol. 9,81,Godzilla,Eminem,,https://open.spotify.com/playlist/4t3us7fNp1kx5Pb0fv3EUM
TB 100 Vol. 9,Volume,Vol. 9,82,Change Clothes,Jay-Z,,https://open.spotify.com/playlist/4t3us7fNp1kx5Pb0fv3EUM
TB 100 Vol. 9,Volume,Vol. 9,83,Can't Tell Me Nothing,Kanye West,,https://open.spotify.com/playlist/4t3us7fNp1kx5Pb0fv3EUM
TB 100 Vol. 9,Volume,Vol. 9,84,All the Stars,Kendrick Lamar,,https://open.spotify.com/playlist/4t3us7fNp1kx5Pb0fv3EUM
TB 100 Vol. 9,Volume,Vol. 9,85,Toosie Slide,Drake,,https://open.spotify.com/playlist/4t3us7fNp1kx5Pb0fv3EUM
TB 100 Vol. 9,Volume,Vol. 9,86,How Do U Want It,2Pac,,https://open.spotify.com/playlist/4t3us7fNp1kx5Pb0fv3EUM
TB 100 Vol. 9,Volume,Vol. 9,87,Sky's the Limit,The Notorious B.I.G.,,https://open.spotify.com/playlist/4t3us7fNp1kx5Pb0fv3EUM
TB 100 Vol. 9,Volume,Vol. 9,88,Gz and Hustlas,Snoop Dogg,,https://open.spotify.com/playlist/4t3us7fNp1kx5Pb0fv3EUM
TB 100 Vol. 9,Volume,Vol. 9,89,The Watcher,Dr. Dre,,https://open.spotify.com/playlist/4t3us7fNp1kx5Pb0fv3EUM
TB 100 Vol. 9,Volume,Vol. 9,90,ATLiens,OutKast,,https://open.spotify.com/playlist/4t3us7fNp1kx5Pb0fv3EUM
TB 100 Vol. 9,Volume,Vol. 9,91,Superwoman,Alicia Keys,,https://open.spotify.com/playlist/4t3us7fNp1kx5Pb0fv3EUM
TB 100 Vol. 9,Volume,Vol. 9,92,Who Did That to You,John Legend,,https://open.spotify.com/playlist/4t3us7fNp1kx5Pb0fv3EUM
TB 100 Vol. 9,Volume,Vol. 9,93,How Do You Sleep?,Sam Smith,,https://open.spotify.com/playlist/4t3us7fNp1kx5Pb0fv3EUM
TB 100 Vol. 9,Volume,Vol. 9,94,The Louvre,Lorde,,https://open.spotify.com/playlist/4t3us7fNp1kx5Pb0fv3EUM
TB 100 Vol. 9,Volume,Vol. 9,95,Therefore I Am,Billie Eilish,,https://open.spotify.com/playlist/4t3us7fNp1kx5Pb0fv3EUM
TB 100 Vol. 9,Volume,Vol. 9,96,Enemy,Imagine Dragons,,https://open.spotify.com/playlist/4t3us7fNp1kx5Pb0fv3EUM
TB 100 Vol. 9,Volume,Vol. 9,97,Maps,Maroon 5,,https://open.spotify.com/playlist/4t3us7fNp1kx5Pb0fv3EUM
TB 100 Vol. 9,Volume,Vol. 9,98,Wherever I Go,OneRepublic,,https://open.spotify.com/playlist/4t3us7fNp1kx5Pb0fv3EUM
TB 100 Vol. 9,Volume,Vol. 9,99,Robot Rock,Daft Punk,,https://open.spotify.com/playlist/4t3us7fNp1kx5Pb0fv3EUM
TB 100 Vol. 9,Volume,Vol. 9,100,She's Not There,Santana,,https://open.spotify.com/playlist/4t3us7fNp1kx5Pb0fv3EUM
TB 100 Vol. 10,Volume,Vol. 10,1,Fat Bottomed Girls,Queen,,https://open.spotify.com/playlist/40zEYfZxVZUloux6c99rCp
TB 100 Vol. 10,Volume,Vol. 10,2,Something,The Beatles,,https://open.spotify.com/playlist/40zEYfZxVZUloux6c99rCp
TB 100 Vol. 10,Volume,Vol. 10,3,Wanna Be Startin' Somethin',Michael Jackson,,https://open.spotify.com/playlist/40zEYfZxVZUloux6c99rCp
TB 100 Vol. 10,Volume,Vol. 10,4,When the Levee Breaks,Led Zeppelin,,https://open.spotify.com/playlist/40zEYfZxVZUloux6c99rCp
TB 100 Vol. 10,Volume,Vol. 10,5,You Know You're Right,Nirvana,,https://open.spotify.com/playlist/40zEYfZxVZUloux6c99rCp
TB 100 Vol. 10,Volume,Vol. 10,6,Honky Tonk Women,The Rolling Stones,,https://open.spotify.com/playlist/40zEYfZxVZUloux6c99rCp
TB 100 Vol. 10,Volume,Vol. 10,7,"Don't Think Twice, It's All Right",Bob Dylan,,https://open.spotify.com/playlist/40zEYfZxVZUloux6c99rCp
TB 100 Vol. 10,Volume,Vol. 10,8,Modern Love,David Bowie,,https://open.spotify.com/playlist/40zEYfZxVZUloux6c99rCp
TB 100 Vol. 10,Volume,Vol. 10,9,Sign o' the Times,Prince,,https://open.spotify.com/playlist/40zEYfZxVZUloux6c99rCp
TB 100 Vol. 10,Volume,Vol. 10,10,Atlantic City,Bruce Springsteen,,https://open.spotify.com/playlist/40zEYfZxVZUloux6c99rCp
TB 100 Vol. 10,Volume,Vol. 10,11,New Year's Day,U2,,https://open.spotify.com/playlist/40zEYfZxVZUloux6c99rCp
TB 100 Vol. 10,Volume,Vol. 10,12,High Hopes,Pink Floyd,,https://open.spotify.com/playlist/40zEYfZxVZUloux6c99rCp
TB 100 Vol. 10,Volume,Vol. 10,13,You Better You Bet,The Who,,https://open.spotify.com/playlist/40zEYfZxVZUloux6c99rCp
TB 100 Vol. 10,Volume,Vol. 10,14,It's a Long Way to the Top (If You Wanna Rock 'n' Roll),AC/DC,,https://open.spotify.com/playlist/40zEYfZxVZUloux6c99rCp
TB 100 Vol. 10,Volume,Vol. 10,15,Creeping Death,Metallica,,https://open.spotify.com/playlist/40zEYfZxVZUloux6c99rCp
TB 100 Vol. 10,Volume,Vol. 10,16,Mr. Brownstone,Guns N' Roses,,https://open.spotify.com/playlist/40zEYfZxVZUloux6c99rCp
TB 100 Vol. 10,Volume,Vol. 10,17,Heartache Tonight,Eagles,,https://open.spotify.com/playlist/40zEYfZxVZUloux6c99rCp
TB 100 Vol. 10,Volume,Vol. 10,18,You Make Loving Fun,Fleetwood Mac,,https://open.spotify.com/playlist/40zEYfZxVZUloux6c99rCp
TB 100 Vol. 10,Volume,Vol. 10,19,Love Me Two Times,The Doors,,https://open.spotify.com/playlist/40zEYfZxVZUloux6c99rCp
TB 100 Vol. 10,Volume,Vol. 10,20,Manic Depression,Jimi Hendrix,,https://open.spotify.com/playlist/40zEYfZxVZUloux6c99rCp
TB 100 Vol. 10,Volume,Vol. 10,21,I Shot the Sheriff,Bob Marley,,https://open.spotify.com/playlist/40zEYfZxVZUloux6c99rCp
TB 100 Vol. 10,Volume,Vol. 10,22,For Once in My Life,Stevie Wonder,,https://open.spotify.com/playlist/40zEYfZxVZUloux6c99rCp
TB 100 Vol. 10,Volume,Vol. 10,23,Can I Get a Witness,Marvin Gaye,,https://open.spotify.com/playlist/40zEYfZxVZUloux6c99rCp
TB 100 Vol. 10,Volume,Vol. 10,24,Until You Come Back to Me (That's What I'm Gonna Do),Aretha Franklin,,https://open.spotify.com/playlist/40zEYfZxVZUloux6c99rCp
TB 100 Vol. 10,Volume,Vol. 10,25,Don't Go Breaking My Heart,Elton John,,https://open.spotify.com/playlist/40zEYfZxVZUloux6c99rCp
TB 100 Vol. 10,Volume,Vol. 10,26,In the Ghetto,Elvis Presley,,https://open.spotify.com/playlist/40zEYfZxVZUloux6c99rCp
TB 100 Vol. 10,Volume,Vol. 10,27,Drown in My Own Tears,Ray Charles,,https://open.spotify.com/playlist/40zEYfZxVZUloux6c99rCp
TB 100 Vol. 10,Volume,Vol. 10,28,My Ding-a-Ling,Chuck Berry,,https://open.spotify.com/playlist/40zEYfZxVZUloux6c99rCp
TB 100 Vol. 10,Volume,Vol. 10,29,Barbara Ann,The Beach Boys,,https://open.spotify.com/playlist/40zEYfZxVZUloux6c99rCp
TB 100 Vol. 10,Volume,Vol. 10,30,A Hazy Shade of Winter,Simon & Garfunkel,,https://open.spotify.com/playlist/40zEYfZxVZUloux6c99rCp
TB 100 Vol. 10,Volume,Vol. 10,31,Idioteque,Radiohead,,https://open.spotify.com/playlist/40zEYfZxVZUloux6c99rCp
TB 100 Vol. 10,Volume,Vol. 10,32,Rock 'n' Roll Star,Oasis,,https://open.spotify.com/playlist/40zEYfZxVZUloux6c99rCp
TB 100 Vol. 10,Volume,Vol. 10,33,In My Place,Coldplay,,https://open.spotify.com/playlist/40zEYfZxVZUloux6c99rCp
TB 100 Vol. 10,Volume,Vol. 10,34,The Zephyr Song,Red Hot Chili Peppers,,https://open.spotify.com/playlist/40zEYfZxVZUloux6c99rCp
TB 100 Vol. 10,Volume,Vol. 10,35,So Lonely,The Police,,https://open.spotify.com/playlist/40zEYfZxVZUloux6c99rCp
TB 100 Vol. 10,Volume,Vol. 10,36,Keep the Faith,Bon Jovi,,https://open.spotify.com/playlist/40zEYfZxVZUloux6c99rCp
TB 100 Vol. 10,Volume,Vol. 10,37,Be Good to Yourself,Journey,,https://open.spotify.com/playlist/40zEYfZxVZUloux6c99rCp
TB 100 Vol. 10,Volume,Vol. 10,38,This Is a Call,Foo Fighters,,https://open.spotify.com/playlist/40zEYfZxVZUloux6c99rCp
TB 100 Vol. 10,Volume,Vol. 10,39,Just Breathe,Pearl Jam,,https://open.spotify.com/playlist/40zEYfZxVZUloux6c99rCp
TB 100 Vol. 10,Volume,Vol. 10,40,Welcome to Paradise,Green Day,,https://open.spotify.com/playlist/40zEYfZxVZUloux6c99rCp
TB 100 Vol. 10,Volume,Vol. 10,41,Papercut,Linkin Park,,https://open.spotify.com/playlist/40zEYfZxVZUloux6c99rCp
TB 100 Vol. 10,Volume,Vol. 10,42,Mardy Bum,Arctic Monkeys,,https://open.spotify.com/playlist/40zEYfZxVZUloux6c99rCp
TB 100 Vol. 10,Volume,Vol. 10,43,A Dustland Fairytale,The Killers,,https://open.spotify.com/playlist/40zEYfZxVZUloux6c99rCp
TB 100 Vol. 10,Volume,Vol. 10,44,Why Can't I Be You?,The Cure,,https://open.spotify.com/playlist/40zEYfZxVZUloux6c99rCp
TB 100 Vol. 10,Volume,Vol. 10,45,Everything Counts,Depeche Mode,,https://open.spotify.com/playlist/40zEYfZxVZUloux6c99rCp
TB 100 Vol. 10,Volume,Vol. 10,46,My Wave,Soundgarden,,https://open.spotify.com/playlist/40zEYfZxVZUloux6c99rCp
TB 100 Vol. 10,Volume,Vol. 10,47,Conquest,The White Stripes,,https://open.spotify.com/playlist/40zEYfZxVZUloux6c99rCp
TB 100 Vol. 10,Volume,Vol. 10,48,Slippery People,Talking Heads,,https://open.spotify.com/playlist/40zEYfZxVZUloux6c99rCp
TB 100 Vol. 10,Volume,Vol. 10,49,Out of Time,Blur,,https://open.spotify.com/playlist/40zEYfZxVZUloux6c99rCp
TB 100 Vol. 10,Volume,Vol. 10,50,Skateaway,Dire Straits,,https://open.spotify.com/playlist/40zEYfZxVZUloux6c99rCp
TB 100 Vol. 10,Volume,Vol. 10,51,Rag Doll,Aerosmith,,https://open.spotify.com/playlist/40zEYfZxVZUloux6c99rCp
TB 100 Vol. 10,Volume,Vol. 10,52,Stand,R.E.M.,,https://open.spotify.com/playlist/40zEYfZxVZUloux6c99rCp
TB 100 Vol. 10,Volume,Vol. 10,53,Girlfriend in a Coma,The Smiths,,https://open.spotify.com/playlist/40zEYfZxVZUloux6c99rCp
TB 100 Vol. 10,Volume,Vol. 10,54,Resistance,Muse,,https://open.spotify.com/playlist/40zEYfZxVZUloux6c99rCp
TB 100 Vol. 10,Volume,Vol. 10,55,Right Now,Van Halen,,https://open.spotify.com/playlist/40zEYfZxVZUloux6c99rCp
TB 100 Vol. 10,Volume,Vol. 10,56,Breakdown,Tom Petty and the Heartbreakers,,https://open.spotify.com/playlist/40zEYfZxVZUloux6c99rCp
TB 100 Vol. 10,Volume,Vol. 10,57,Roll Me Away,Bob Seger,,https://open.spotify.com/playlist/40zEYfZxVZUloux6c99rCp
TB 100 Vol. 10,Volume,Vol. 10,58,Bankrobber,The Clash,,https://open.spotify.com/playlist/40zEYfZxVZUloux6c99rCp
TB 100 Vol. 10,Volume,Vol. 10,59,Days,The Kinks,,https://open.spotify.com/playlist/40zEYfZxVZUloux6c99rCp
TB 100 Vol. 10,Volume,Vol. 10,60,Supernaut,Black Sabbath,,https://open.spotify.com/playlist/40zEYfZxVZUloux6c99rCp
TB 100 Vol. 10,Volume,Vol. 10,61,Into the Groove,Madonna,,https://open.spotify.com/playlist/40zEYfZxVZUloux6c99rCp
TB 100 Vol. 10,Volume,Vol. 10,62,My Love Is Your Love,Whitney Houston,,https://open.spotify.com/playlist/40zEYfZxVZUloux6c99rCp
TB 100 Vol. 10,Volume,Vol. 10,63,I Don't Wanna Fight,Tina Turner,,https://open.spotify.com/playlist/40zEYfZxVZUloux6c99rCp
TB 100 Vol. 10,Volume,Vol. 10,64,Fernando,ABBA,,https://open.spotify.com/playlist/40zEYfZxVZUloux6c99rCp
TB 100 Vol. 10,Volume,Vol. 10,65,How Can You Mend a Broken Heart,Bee Gees,,https://open.spotify.com/playlist/40zEYfZxVZUloux6c99rCp
TB 100 Vol. 10,Volume,Vol. 10,66,Boy Blue,Cyndi Lauper,,https://open.spotify.com/playlist/40zEYfZxVZUloux6c99rCp
TB 100 Vol. 10,Volume,Vol. 10,67,Rumour Has It,Adele,,https://open.spotify.com/playlist/40zEYfZxVZUloux6c99rCp
TB 100 Vol. 10,Volume,Vol. 10,68,In My Bed,Amy Winehouse,,https://open.spotify.com/playlist/40zEYfZxVZUloux6c99rCp
TB 100 Vol. 10,Volume,Vol. 10,69,Good Times,Sam Cooke,,https://open.spotify.com/playlist/40zEYfZxVZUloux6c99rCp
TB 100 Vol. 10,Volume,Vol. 10,70,Shake,Otis Redding,,https://open.spotify.com/playlist/40zEYfZxVZUloux6c99rCp
TB 100 Vol. 10,Volume,Vol. 10,71,Partition,Beyoncé,,https://open.spotify.com/playlist/40zEYfZxVZUloux6c99rCp
TB 100 Vol. 10,Volume,Vol. 10,72,Love on the Brain,Rihanna,,https://open.spotify.com/playlist/40zEYfZxVZUloux6c99rCp
TB 100 Vol. 10,Volume,Vol. 10,73,Applause,Lady Gaga,,https://open.spotify.com/playlist/40zEYfZxVZUloux6c99rCp
TB 100 Vol. 10,Volume,Vol. 10,74,Wide Awake,Katy Perry,,https://open.spotify.com/playlist/40zEYfZxVZUloux6c99rCp
TB 100 Vol. 10,Volume,Vol. 10,75,Wildest Dreams,Taylor Swift,,https://open.spotify.com/playlist/40zEYfZxVZUloux6c99rCp
TB 100 Vol. 10,Volume,Vol. 10,76,Happier,Ed Sheeran,,https://open.spotify.com/playlist/40zEYfZxVZUloux6c99rCp
TB 100 Vol. 10,Volume,Vol. 10,77,Count on Me,Bruno Mars,,https://open.spotify.com/playlist/40zEYfZxVZUloux6c99rCp
TB 100 Vol. 10,Volume,Vol. 10,78,Take My Breath,The Weeknd,,https://open.spotify.com/playlist/40zEYfZxVZUloux6c99rCp
TB 100 Vol. 10,Volume,Vol. 10,79,Hallucinate,Dua Lipa,,https://open.spotify.com/playlist/40zEYfZxVZUloux6c99rCp
TB 100 Vol. 10,Volume,Vol. 10,80,Move Your Body,Sia,,https://open.spotify.com/playlist/40zEYfZxVZUloux6c99rCp
TB 100 Vol. 10,Volume,Vol. 10,81,The Way I Am,Eminem,,https://open.spotify.com/playlist/40zEYfZxVZUloux6c99rCp
TB 100 Vol. 10,Volume,Vol. 10,82,Show Me What You Got,Jay-Z,,https://open.spotify.com/playlist/40zEYfZxVZUloux6c99rCp
TB 100 Vol. 10,Volume,Vol. 10,83,Through the Wire,Kanye West,,https://open.spotify.com/playlist/40zEYfZxVZUloux6c99rCp
TB 100 Vol. 10,Volume,Vol. 10,84,m.A.A.d city,Kendrick Lamar,,https://open.spotify.com/playlist/40zEYfZxVZUloux6c99rCp
TB 100 Vol. 10,Volume,Vol. 10,85,Marvins Room,Drake,,https://open.spotify.com/playlist/40zEYfZxVZUloux6c99rCp
TB 100 Vol. 10,Volume,Vol. 10,86,Me Against the World,2Pac,,https://open.spotify.com/playlist/40zEYfZxVZUloux6c99rCp
TB 100 Vol. 10,Volume,Vol. 10,87,Ten Crack Commandments,The Notorious B.I.G.,,https://open.spotify.com/playlist/40zEYfZxVZUloux6c99rCp
TB 100 Vol. 10,Volume,Vol. 10,88,Vato,Snoop Dogg,,https://open.spotify.com/playlist/40zEYfZxVZUloux6c99rCp
TB 100 Vol. 10,Volume,Vol. 10,89,Natural Born Killaz,Dr. Dre,,https://open.spotify.com/playlist/40zEYfZxVZUloux6c99rCp
TB 100 Vol. 10,Volume,Vol. 10,90,Prototype,OutKast,,https://open.spotify.com/playlist/40zEYfZxVZUloux6c99rCp
TB 100 Vol. 10,Volume,Vol. 10,91,Karma,Alicia Keys,,https://open.spotify.com/playlist/40zEYfZxVZUloux6c99rCp
TB 100 Vol. 10,Volume,Vol. 10,92,Made to Love,John Legend,,https://open.spotify.com/playlist/40zEYfZxVZUloux6c99rCp
TB 100 Vol. 10,Volume,Vol. 10,93,Fire on Fire,Sam Smith,,https://open.spotify.com/playlist/40zEYfZxVZUloux6c99rCp
TB 100 Vol. 10,Volume,Vol. 10,94,Buzzcut Season,Lorde,,https://open.spotify.com/playlist/40zEYfZxVZUloux6c99rCp
TB 100 Vol. 10,Volume,Vol. 10,95,What Was I Made For?,Billie Eilish,,https://open.spotify.com/playlist/40zEYfZxVZUloux6c99rCp
TB 100 Vol. 10,Volume,Vol. 10,96,Warriors,Imagine Dragons,,https://open.spotify.com/playlist/40zEYfZxVZUloux6c99rCp
TB 100 Vol. 10,Volume,Vol. 10,97,Makes Me Wonder,Maroon 5,,https://open.spotify.com/playlist/40zEYfZxVZUloux6c99rCp
TB 100 Vol. 10,Volume,Vol. 10,98,Feel Again,OneRepublic,,https://open.spotify.com/playlist/40zEYfZxVZUloux6c99rCp
TB 100 Vol. 10,Volume,Vol. 10,99,Aerodynamic,Daft Punk,,https://open.spotify.com/playlist/40zEYfZxVZUloux6c99rCp
TB 100 Vol. 10,Volume,Vol. 10,100,Put Your Lights On,Santana,,https://open.spotify.com/playlist/40zEYfZxVZUloux6c99rCp
